TotalT,Temp,LSR,CA,Size,IsoT,F_X,Yield Lvls
40,433.15,9,0.152937938,0.84,36,16.59090909,2
91,393.15,5,0.04,3,61,16.93181818,1
15,366.0439898,4,0,3,0,19.9,1
81.15107914,433.15,9,0.101958625,0.84,6,16.59,2
65.94470338,448.15,20,0.101958625,0.5,20.94470338,17.38636364,1
18.06407862,408.15,8,0.203935964,8,4.314078615,18.86363636,3
8.033333333,443.15,5,0.0815669,0.38,7.7,22.38636364,2
95,393.15,5,0.2,3,65,16.93181818,2
315,433.15,4.76,0,5,137.8125,21.59,1
10.282555,463.15,3,0,2.75,10,15.94375124,1
70,433.15,9,0.132546213,0.5,70,14.64,3
74.73324195,408.15,8,0.305903946,8,60.98324195,18.86363636,2
60,443.15,6,0,0.42,60,24.88636364,1
100,423.15,3,0.1086,2,95,12.386,2
25,423.15,9,0.132546213,0.5,25,14.64,1
199.7326203,438.15,8,0,5,169.7326203,16.70454545,2
140,438.15,4,0,5,90,17.6,2
20,463.15,6,0,0.42,20,24.88636364,1
548.773843,373.65,8,0.101967982,8,539.336343,18.86363636,3
255,433.15,4.76,0,5,77.8125,21.59,1
255.58,373.73,10,2.039172504,0.5,180,19.77272727,3
30,403.15,8,0.405231539,0.5,28.98256944,33.20454545,2
60,453.15,6,0,0.42,60,24.88636364,2
60.18683626,453.15,6,0,5,60.18683626,21.59090909,2
219.8905235,428.15,8,0,5,194.8905235,16.70454545,2
125,403.15,10,1.223503502,0.5,90,19.77272727,2
5,463.15,20,1,7.9,5,18.75,2
15.02307692,433.15,10,0.407834501,0.5,12.52307692,20.909,2
63.75,448.15,6,0,8,45,18.86363636,2
14.06946121,408.15,8,0.407871928,8,0.319461209,18.86363636,3
135.5369728,398.15,8,0.101967982,8,123.0369728,18.86363636,3
59.94615385,433.15,10,0.101958625,0.5,57.44615385,20.909,2
29.71732212,398.15,8,0.305903946,8,17.21732212,18.86363636,3
17,458.15,10,0.076468969,1,7,18.75,3
23.4375,448.15,6,0,5,0,15.02,1
180,413.15,8,0,4,150,11.932,1
21.46010282,398.15,8,0.203935964,8,8.960102821,18.86363636,3
80,453.15,8,0,8,75,16.89772727,3
60,463.15,19,0,0.42,60,12.95454545,1
106.875,433.15,8,0,8,90,18.86363636,1
195.7196128,398.15,8,0.305903946,8,183.2196128,18.86363636,2
85,413.15,5,0.15,3,55,16.93181818,1
110.7220987,408.15,8,0.407871928,8,96.97209872,18.86363636,2
45,388.15,10,0.815669002,0.5,15,19.77272727,2
202,430.2409091,7.69,0,5,135,14.5,2
10.282555,463.15,3,0.20261577,2.75,10,15.94375124,3
89.09961476,388.15,8,0.305903946,8,77.84961476,18.86363636,3
25,443.15,20,0,1.625,24.13483796,18.6,2
220.032055,418.15,8,0,5,200.032055,16.70454545,1
46.875,433.15,8,0,8,30,18.86363636,1
20.44924459,398.15,8,0.305903946,8,7.949244594,18.86363636,3
203.0059844,388.15,8,0.305903946,8,191.7559844,18.86363636,3
3.033333333,463.15,3.9,0.0815669,0.38,2.7,21.93181818,2
427.8648737,373.65,8,0.101967982,8,418.4273737,18.86363636,3
75,413.15,5,0,13.375,45,16.81818182,1
555.58,373.73,10,2.039172504,0.5,480,19.77272727,3
133,413.15,5,0.02,3,103,16.93181818,1
190,433.15,10,0,4,150,11.932,3
59.83566021,448.15,20,0.101958625,0.5,14.83566021,17.38636364,1
19,448.15,10,0.076468969,1,7,18.75,3
119.8683375,418.15,8,0,5,99.8683375,16.70454545,1
35,460.15,4,0.555370432,20,30,19.33,1
0.530730984,473.15,40,0,5,0.530730984,23.78409091,1
72.83286119,448.15,20,0.101958625,0.5,27.83286119,16.99431818,2
289.9878286,373.65,8,0.305903946,8,280.5503286,18.86363636,3
24.14925373,425.15,6,0,5,20.14925373,15.1,1
60,453.15,19,0,0.42,60,12.95454545,2
134.5692356,408.15,8,0.203935964,8,120.8192356,18.86363636,2
19,468.15,10,0.076468969,1,7,18.75,1
68.14019738,388.15,8,0.101967982,8,56.89019738,18.86363636,3
30,453.15,10,1.665223473,0.84,30,19.96590909,1
16.65009343,513.15,40,0,0.425,11.42367067,20.9,1
8,448.15,9,0.152937938,0.84,4,16.59090909,2
255.375,373.525,10,1.325462127,0.5,180,19.77272727,2
59.20405132,433.15,6,0,5,59.20405132,15.1,1
90,403.15,5,0.119543304,4,90,16.375,2
48.48484848,483.15,8,0,8,0,19.886,2
174.9006618,388.15,8,0.305903946,8,163.6506618,18.86363636,3
90,403.15,5,0.405231539,4,90,16.375,2
75,413.15,20,0,1.625,74.65393519,18.6,1
9.4375,373.65,8,0.407871928,8,0,18.86363636,3
135.375,373.525,10,1.325462127,0.5,60,19.77272727,2
55.6438238,388.15,8,0.101967982,8,44.3938238,18.86363636,3
65,403.15,10,1.019586252,0.5,30,19.77272727,2
42.85714286,493.15,15,0,0.59,15,15,1
170,433.15,4,0,5,120,17.6,2
140,423.15,4,0,5,90,17.6,1
112.3583633,448.15,6,0,5,88.92086331,15.02,2
90,443.15,4,0.030199517,0.42,90,25.02272727,1
60,463.15,6,0,0.42,60,24.88636364,1
30,443.15,4,0.091201084,0.42,30,25.02272727,2
270,388.15,10,1.019586252,0.5,240,19.77272727,2
43.52334235,388.15,8,0.407871928,8,32.27334235,18.86363636,3
61.875,433.15,8,0,8,45,18.86363636,1
216.4597429,388.15,8,0.407871928,8,205.2097429,18.86363636,2
19.9642353,463.15,6,0,0.42,19.9642353,24.88636364,1
8,453.15,1.53164557,0.050653942,6,7.5,17.04545455,2
102.8966006,448.15,20,0.101958625,0.5,57.89660057,16.99431818,2
199.798786,433.15,6,0,5,178.705036,15.02,2
43.75,448.15,6,0,8,25,18.86363636,1
150,413.15,8,0,4,120,11.932,1
17,458.15,10,0.076468969,1,5,18.75,2
22,375.2775227,4,0,3,0,19.9,1
360,433.15,4.76,0,5,182.8125,21.59,1
60,413.15,4,0,4,30,19.48,1
17,448.15,10,0.076468969,1,7,18.75,3
137.8788097,398.15,8,0.203935964,8,125.3788097,18.86363636,3
155.3779584,398.15,8,0.305903946,8,142.8779584,18.86363636,2
204.2150357,373.65,8,0.305903946,8,194.7775357,18.86363636,3
1.003333,463.15,3.9,0.1631338,0.38,0.67,25.68181818,2
45,473.15,2.5,0,1,30,23.86363636,1
255.4,373.55,10,1.631338003,0.5,180,19.77272727,2
215,403.15,10,1.223503502,0.5,180,19.77272727,2
9,423.15,8,0.2,0.515,9,17.95454545,2
300,423.15,3.7,0,2,293,15.48,1
15,423.15,8,0.1,0.515,15,17.95454545,2
0,463.15,19,0,0.42,0,12.95454545,1
121.8767439,373.65,8,0.203935964,8,112.4392439,18.86363636,3
59.87793727,463.15,6,0,0.42,59.87793727,24.88636364,2
30.04860981,408.15,8,0.407871928,8,16.29860981,18.86363636,3
48.7311828,433.15,6,0,5,44.7311828,15.1,1
65,403.15,10,0.815669002,0.5,30,19.77272727,2
90,443.15,5,0,3,60,16.93181818,2
120,423.15,4,0,10.35,60,20.47,1
19,448.15,10,0.076468969,1,5,18.75,2
415.1260689,373.65,8,0.203935964,8,405.6885689,18.86363636,3
120,483.15,4,0,10.35,60,20.47,1
10.26791523,493.15,40,0,5,10.26791523,23.78409091,1
151.687725,373.65,8,0.203935964,8,142.250225,18.86363636,3
103.6250133,398.15,8,0.101967982,8,91.12501332,18.86363636,3
60,383.15,10,0.305875876,0.425,60,15,2
237.8184587,388.15,8,0.203935964,8,226.5684587,18.86363636,2
9.4375,373.65,8,0.305903946,8,0,18.86363636,3
93,453.15,5.666666667,0,2,78,19.31818182,2
50,463.15,15,0,0.177,40,12.16,2
164.6088275,398.15,8,0.305903946,8,152.1088275,18.86363636,2
675.58,373.73,10,2.039172504,0.5,600,19.77272727,3
60,398.15,16,0.810463078,0.5,59.03101852,33.20454545,2
70,403.15,8,0.405231539,0.5,68.98256944,33.20454545,2
95,403.15,10,1.223503502,0.5,60,19.77272727,2
49.58950329,408.15,8,0.305903946,8,35.83950329,18.86363636,2
120,403.15,8,1.215694618,0.5,118.95,33.20454545,1
30,443.15,8,0.101958625,8,30,19.43,1
51,423.15,8,0.2,0.515,51,17.95454545,2
35,483.15,3.333333333,0,1,20,23.86363636,1
11.15862622,473.15,10,1.777185383,0.5,7.358626217,20.909,2
64.32967033,440.15,6,0,5,60.32967033,15.1,2
38.57142857,463.15,15,0,0.59,15,15,2
60,453.15,4,0.023442288,0.42,60,25.02272727,2
225.1717233,388.15,8,0.203935964,8,213.9217233,18.86363636,2
30,458.15,7.575757576,0,1,20,23.86363636,1
90,388.15,10,0.815669002,0.5,60,19.77272727,2
31.875,433.15,8,0,8,15,18.86363636,1
98.97336563,453.15,40,0,0.425,95.20547945,20.9,2
0,433.15,9,0.101958625,0.84,0,16.59,1
64.92868586,408.15,8,0.305903946,8,51.17868586,18.86363636,2
10,453.15,8,0,8,5,16.89772727,2
90,388.15,10,1.019586252,0.5,60,19.77272727,2
74.70631424,448.15,20,0.101958625,0.5,29.70631424,18.74431818,3
16.52740189,388.15,8,0.407871928,8,5.277401894,18.86363636,3
53.40082272,473.15,40,0,0.425,49.14675768,20.9,2
45.45454545,473.15,8,0,8,0,19.886,2
275,403.15,10,1.019586252,0.5,240,19.77272727,2
50.23589188,388.15,8,0.101967982,8,38.98589188,18.86363636,3
65.72238605,448.15,20,0.101958625,0.5,20.72238605,16.59090909,1
104.901477,448.15,20,0.101958625,0.5,59.90147697,17.38636364,1
12,393.15,20,0.2,0.25,10,20.90909091,2
10,433.15,20,0.152937938,5,10,15.4,3
90,433.15,9,0.132546213,0.5,90,14.64,3
86,423.15,20,0,1.625,85.48090278,18.6,2
26.89073741,448.15,6,0,5,3.45323741,15.02,1
240.1533111,438.15,8,0,5,219.1533111,17.84090909,1
10.31395,473.15,3,0.20261577,2.75,10,15.94375124,2
79.964063,463.15,6,0,0.42,79.964063,24.88636364,2
58.71869239,433.15,6,0,0.595,58.71869239,15.1,2
60,368.15,10,0.101307885,0.5125,55,16.3,1
105,418.15,8,0,8,90,18.86363636,1
40,433.15,9,0.132546213,0.5,40,14.64,2
80,400.15,8,0.607847309,0.5,79.01163889,33.20454545,2
30,433.15,10,0.333044695,0.84,30,19.96590909,1
45,418.15,8,0,8,30,18.86363636,1
735.29,373.44,10,1.019586252,0.5,660,19.77272727,2
17,468.15,10,0.076468969,1,7,18.75,2
70.601983,448.15,20,0.101958625,0.5,25.601983,16.99431818,3
70,453.15,5,0,0.177,60,12.16,2
150,388.15,10,1.019586252,0.5,120,19.77272727,2
201.7994859,433.15,7.69,0,5,51.79948586,17.84090909,1
70,403.15,9,0.132546213,0.5,70,14.64,1
71.61894913,448.15,20,0.101958625,0.5,26.61894913,16.59090909,2
60,443.15,4,0.045708819,0.42,60,25.02272727,2
20,453.15,8,0,8,15,16.89772727,1
20,423.15,8,0.75,0.5,20,14.64,3
177.2289601,388.15,8,0.203935964,8,165.9789601,18.86363636,3
35.03884674,453.15,10,0,0.5,31.63884674,20.909,3
69.87110744,398.15,8,0.305903946,8,57.37110744,18.86363636,3
14,458.15,10,0.076468969,1,2,18.75,2
335,403.15,10,0.611751751,0.5,300,19.77272727,2
78.75,448.15,6,0,8,60,18.86363636,2
40,473.15,8,0,8,35,16.89772727,2
50,393.15,4,0,4,30,19.48,1
26.25,448.15,6,0,8,7.5,18.86363636,1
42.50196882,433.15,10,0.137136588,0.5,40.00196882,20.909,1
1.253333333,443.15,3.9,0.0815669,0.38,0.92,21.93181818,2
188.5259257,373.65,8,0.407871928,8,179.0884257,18.86363636,3
95,403.15,10,1.019586252,0.5,60,19.77272727,2
60,433.15,4,0,4,20,19.48,1
44.65281733,388.15,8,0.101967982,8,33.40281733,18.86363636,3
150,388.15,10,1.223503502,0.5,120,19.77272727,2
585,413.15,5.666666667,0,2,570,19.31818182,2
20,423.15,8,0.25,0.5,20,14.64,1
165,433.15,5.666666667,0,2,150,19.31818182,2
32.14999678,388.15,8,0.101967982,8,20.89999678,18.86363636,3
315,433.15,5.666666667,0,2,300,19.31818182,2
85.32386437,398.15,8,0.305903946,8,72.82386437,18.86363636,3
40,433.15,10,0.832611736,0.84,40,19.96590909,1
48,443.15,5,0,3,18,16.93181818,2
46,423.15,20,0,1.625,45.48090278,18.6,1
10.18837,433.15,3,0.20261577,2.75,10,15.94375124,2
110.7142857,443.15,15,0,0.59,90,16.03409,2
34.39519312,373.65,8,0.407871928,8,24.95769312,18.86363636,3
20,433.15,9,0.132546213,0.5,20,14.64,1
32.625,463.15,8,0,8,12,18.86363636,1
63.80016653,433.15,6,0,5,59.80016653,14.7,2
239.8303918,428.15,8,0,5,214.8303918,16.70454545,2
90.05793353,453.15,6,0,5,90.05793353,21.59090909,1
210,388.15,10,0.815669002,0.5,180,19.77272727,2
120,443.15,4,0.611751751,3,120,12.95,2
118,433.15,4,0.045708819,0.42,118,25.02272727,2
110.5356098,373.65,8,0.203935964,8,101.0981098,18.86363636,3
62.4743025,448.15,20,0.101958625,0.5,17.4743025,18.74431818,1
375,418.15,8,0,8,360,18.86363636,1
10.219765,443.15,3,0.20261577,2.75,10,15.94375124,2
54.4614892,408.15,8,0.305903946,8,40.7114892,18.86363636,2
120,443.15,4,0,10.35,60,19.74,2
70.875,433.15,8,0,8,54,18.86363636,1
11.25,388.15,8,0.305903946,8,0,18.86363636,3
136.2172813,408.15,8,0.101967982,8,122.4672813,18.86363636,2
80,463.15,8,8.51E-06,0.509,80,21.375,1
119.8701715,433.15,6,0,5,119.8701715,15.1,2
35,443.15,4,0.999666778,20,30,19.33,2
132.2404132,473.15,40,0,0.425,127.9863481,20.9,1
66,393.15,5,0.2,3,36,16.93181818,2
166.875,433.15,8,0,8,150,18.86363636,2
397.7622953,373.65,8,0.101967982,8,388.3247953,18.86363636,3
45,413.15,20,0,1.625,44.65393519,18.6,1
4.935015984,433.15,10,0.137136588,0.5,2.435015984,20.909,2
30,423.15,8,0.34,0.515,30,17.95454545,2
19,448.15,10,0.076468969,1,7,18.75,3
30.03997439,433.15,6,0,5,30.03997439,21.59090909,1
97.77282429,408.15,8,0.305903946,8,84.02282429,18.86363636,2
315.29,373.44,10,1.019586252,0.5,240,19.77272727,2
389.7217897,373.65,8,0.407871928,8,380.2842897,18.86363636,3
40,413.15,9,0.132546213,0.5,40,14.64,1
100,403.15,9,0.132546213,0.5,100,14.64,2
60,443.15,4,0.045708819,0.42,60,25.02272727,1
65.01851209,413.15,10,0.137136588,0.5,63.01851209,20.909,2
40.06707132,473.15,10,0,0.5,36.26707132,20.909,1
50,393.15,5,0,13.375,30,16.81818182,1
555.375,373.525,10,1.325462127,0.5,480,19.77272727,2
60,453.15,6,0,0.42,60,24.88636364,1
80,403.15,9,0.132546213,0.5,80,14.64,1
90.44560081,373.65,8,0.203935964,8,81.00810081,18.86363636,3
0,433.15,8,0,8,0,18.86363636,1
10.7402439,493.15,40,0,0.425,6,20.9,3
90,433.15,4.5,0.496912443,4,90,17.2386,1
0,493.15,40,0,5,0,23.78409091,1
495.375,373.525,10,1.325462127,0.5,420,19.77272727,2
99.75416717,438.15,8,0,5,79.75416717,17.84090909,2
60.60606061,523.15,8,0,8,0,19.886,1
13,433.15,20,0,1.625,12.30787037,18.6,1
70,433.15,8,0,2,40,19.48,2
80,443.15,10,0.865916206,0.178,50,19.77272727,3
34.8,453.15,5.666666667,0,2,19.8,19.31818182,2
100,463.15,6,0,0.42,100,24.88636364,1
60,388.15,10,1.019586252,0.5,30,19.77272727,2
34.29750429,388.15,8,0.305903946,8,23.04750429,18.86363636,3
153.6774194,433.15,6,0,5,149.6774194,15.1,2
10.25116,453.15,3,0.101307885,2.75,10,15.94375124,2
81.61428512,448.15,20,0.101958625,0.5,36.61428512,20.10227273,2
60,403.15,5,0.607847309,4,60,16.375,2
68.74121883,408.15,8,0.203935964,8,54.99121883,18.86363636,3
83.58759619,408.15,8,0.203935964,8,69.83759619,18.86363636,2
7.901785714,513.15,40,0,5,7.901785714,23.78409091,1
28.33862434,448.15,6,0,5,24.33862434,15.1,2
38.57142857,463.15,15,0,0.59,15,16.03409,2
58.49150142,448.15,20,0.101958625,0.5,13.49150142,16.99431818,1
63.7761194,425.15,6,0,5,59.7761194,15.1,1
45,413.15,5,0,13.375,15,16.81818182,1
14,458.15,10,0.076468969,1,2,18.75,3
35,426.15,4,0.555370432,20,30,19.33,2
1.003333333,463.15,5,0.0815669,0.38,0.67,22.38636364,2
130.6925346,373.65,8,0.101967982,8,121.2550346,18.86363636,3
10,473.15,20,0.5,7.9,10,18.75,2
51.10836331,440.15,6,0,5,28.92086331,15.02,1
100,423.15,10,0,2,95,12.386,1
190.3128848,373.65,8,0.101967982,8,180.8753848,18.86363636,3
125.3230717,388.15,8,0.407871928,8,114.0730717,18.86363636,3
180,373.15,10,0.20261577,0.5125,175,16.3,3
247,430.6045455,7.69,0,5,180,14.5,2
13.84043012,408.15,8,0.203935964,8,0.090430118,18.86363636,3
30.35011996,398.15,8,0.203935964,8,17.85011996,18.86363636,3
100.0904001,428.15,8,0,5,80.09040007,17.84090909,1
2.033333333,443.15,5,0.0815669,0.38,1.7,22.38636364,2
95.24366546,388.15,8,0.203935964,8,83.99366546,18.86363636,3
200.7142857,443.15,15,0,0.59,180,15,2
59.9200002,413.15,6,0,5,59.9200002,21.59090909,1
0,433.15,6,0,5,0,15.1,1
36.3359763,473.15,40,0,0.425,32.08191126,20.9,2
96.26228414,398.15,8,0.305903946,8,83.76228414,18.86363636,3
14.80345508,408.15,8,0.305903946,8,1.053455078,18.86363636,3
100,433.15,10,0,4,60,11.932,2
25.98216234,408.15,8,0.101967982,8,12.23216234,18.86363636,3
21.25,448.15,6,0,8,2.5,18.86363636,1
30,413.15,9,0.132546213,0.5,30,14.64,1
126.0281602,453.15,40,0,0.425,122.260274,20.9,2
20,463.15,8,8.51E-06,0.509,20,21.375,2
135,418.15,8,0,8,120,18.86363636,1
19,468.15,10,0.076468969,1,7,18.75,2
180,368.15,10,0.20261577,0.5125,175,16.3,3
735.375,373.525,10,1.325462127,0.5,660,19.77272727,3
180,443.15,4,0,10.35,120,20.47,2
12,393.15,20,0.1,0.25,10,20.90909091,2
49.69643443,398.15,8,0.305903946,8,37.19643443,18.86363636,3
80,423.15,10,0.20261577,50,45,16.81818182,2
59.97583182,418.15,8,0,5,39.97583182,17.84090909,1
89.9064033,443.15,6,0,5,89.9064033,21.59090909,1
45,453.15,4,0.288792625,20,40,19.33,2
24.625,463.15,8,0,8,4,18.86363636,1
67.40691057,493.15,40,0,0.425,62.66666667,20.9,1
60,398.15,8,1.215694618,0.5,59.03101852,33.20454545,2
362.3935361,373.65,8,0.101967982,8,352.9560361,18.86363636,3
61.12750302,408.15,8,0.101967982,8,47.37750302,18.86363636,3
13.24218393,398.15,8,0.203935964,8,0.742183929,18.86363636,3
60,373.15,10,0.305875876,0.425,60,15,1
60.11413236,433.15,6,0,5,60.11413236,21.59090909,1
170.5869418,388.15,8,0.407871928,8,159.3369418,18.86363636,3
20,443.15,4,0.25,0.5,20,14.64,1
59.90526442,438.15,8,0,5,39.90526442,17.84090909,1
110.3068284,408.15,8,0.101967982,8,96.55682838,18.86363636,2
75,418.15,8,0,8,60,18.86363636,1
60,363.15,10,0.20261577,0.5125,55,16.3,1
75.2,373.35,10,0.713710376,0.5,0,19.77272727,1
180,413.15,10,0,4,150,11.932,1
675.375,373.525,10,1.325462127,0.5,600,19.77272727,3
29.99563077,433.15,6,0,5,29.99563077,15.1,1
60,443.15,4,0.045708819,0.42,60,25.02272727,1
50,443.15,15,0,0.177,40,12.16,1
80,443.15,10,0,0.178,50,19.77272727,2
20,433.15,6,0.5,0.5,20,14.64,3
232.5448736,388.15,8,0.101967982,8,221.2948736,18.86363636,2
119.7226164,433.15,6,0,0.595,119.7226164,15.1,3
85,443.15,5,0.15,3,55,16.93181818,2
66.64793165,440.15,6,0,5,44.46043165,15.02,2
332.497806,373.65,8,0.203935964,8,323.060306,18.86363636,3
171.540018,440.15,6,0,5,149.352518,15.02,2
79.94575903,418.15,8,0,5,59.94575903,16.70454545,1
1.942446043,433.15,9,0.101958625,0.84,4,16.59,2
360.3325607,433.15,6,0,0.595,360.3325607,15.1,2
106.7767988,448.15,20,0.101958625,0.5,61.77679883,18.74431818,1
79.1044667,373.65,8,0.203935964,8,69.6669667,18.86363636,3
10,463.15,8,8.51E-06,0.509,10,21.375,2
41.19267552,373.65,8,0.203935964,8,31.75517552,18.86363636,3
28.83008122,373.65,8,0.305903946,8,19.39258122,18.86363636,3
15.61592107,398.15,8,0.101967982,8,3.115921072,18.86363636,3
232,430.6045455,7.69,0,5,165,14.5,2
393.4158978,373.65,8,0.203935964,8,383.9783978,18.86363636,3
50,403.15,10,0.815669002,0.5,15,19.77272727,2
70,453.15,15,0,0.177,60,12.16,2
20,433.15,6,0.5,0.5,20,14.64,2
10.03333333,443.15,3.9,0.0815669,0.38,9.7,21.93181818,2
180.2581937,428.15,8,0,5,160.2581937,17.84090909,1
15,443.15,5,0,1,10,23.86363636,1
92.69544271,398.15,8,0.101967982,8,80.19544271,18.86363636,3
60,383.15,10,0.305875876,0.425,60,15,2
170.157572,373.65,8,0.203935964,8,160.720072,18.86363636,3
458.8704433,373.65,8,0.203935964,8,449.4329433,18.86363636,3
675.4,373.55,10,1.631338003,0.5,600,19.77272727,3
30,373.15,10,0.20391725,0.425,30,15,1
45,423.15,8,0.1,0.515,45,17.95454545,2
17,448.15,10,0.076468969,1,7,18.75,3
90,383.15,10,0.305875876,0.425,90,15,3
50,453.15,19,0,0.42,50,12.95454545,2
17.62913279,493.15,40,0,0.425,12.88888889,20.9,2
24.93076923,433.15,10,0.101958625,0.5,22.43076923,20.909,3
14.78996492,433.15,6,0,0.595,14.78996492,15.1,1
4.017857143,513.15,40,0,5,4.017857143,23.78409091,1
16.27791829,408.15,8,0.101967982,8,2.527918291,18.86363636,3
55.88235294,433.15,6,0,22.5,40,20,1
28.60330325,388.15,8,0.305903946,8,17.35330325,18.86363636,3
17,458.15,10,0.076468969,1,7,18.75,3
88.60161414,408.15,8,0.203935964,8,74.85161414,18.86363636,2
33.73505604,408.15,8,0.203935964,8,19.98505604,18.86363636,3
20.00769231,433.15,10,0.101958625,0.5,17.50769231,20.909,2
30,413.15,10,0.20261577,50,0,16.81818182,1
60,403.15,8,0.405231539,0.5,58.98256944,33.20454545,2
160,433.15,10,0,4,120,11.932,2
50,403.15,10,1.019586252,0.5,15,19.77272727,2
45,475.15,8,0,8,26.62395833,26.36363636,3
105.2448106,388.15,8,0.203935964,8,93.99481063,18.86363636,3
186.3753213,433.15,7.69,0,5,36.37532134,17.84090909,1
53.75,448.15,10,0,8,35,18.86363636,1
20.37135743,453.15,40,0,5,20.37135743,23.78409091,1
80,396.15,8,0.607847309,0.5,79.05039815,33.20454545,2
44,425.15,20,0.061175175,0.42,44,15.45454545,2
38.61726059,408.15,8,0.203935964,8,24.86726059,18.86363636,3
402.2169534,373.65,8,0.305903946,8,392.7794534,18.86363636,3
87.28031038,373.65,8,0.101967982,8,77.84281038,18.86363636,3
0,453.15,19,0,0.42,0,12.95454545,1
349.7433769,373.65,8,0.305903946,8,340.3058769,18.86363636,3
59.61820366,388.15,8,0.203935964,8,48.36820366,18.86363636,3
1.533333333,463.15,3.9,0.1631338,0.38,1.2,21.93181818,2
114.321939,388.15,8,0.305903946,8,103.071939,18.86363636,3
73.36402266,448.15,20,0.101958625,0.5,28.36402266,16.99431818,3
14,448.15,10,0.076468969,1,7,18.75,1
4.992307692,433.15,10,0.407834501,0.5,2.492307692,20.909,2
15,448.15,9,0.152937938,0.84,11,16.59090909,3
232.2919486,388.15,8,0.407871928,8,221.0419486,18.86363636,2
17,468.15,10,0.076468969,1,7,18.75,3
100,403.15,8,0.405231539,0.5,98.95,33.20454545,2
42.98856053,408.15,8,0.203935964,8,29.23856053,18.86363636,3
47.6,403.15,5,0.405231539,4,47.6,16.375,2
90,403.15,5,0.690919774,4,90,16.375,2
110.0146133,433.15,6,0,5,88.92086331,15.02,2
12.94964029,433.15,9,0.101958625,0.84,8,16.59,3
482.8883481,373.65,8,0.407871928,8,473.4508481,18.86363636,3
78.75,448.15,8,0,8,60,18.86363636,2
80,473.15,8,8.51E-06,0.509,80,21.375,1
14,458.15,10,0.076468969,1,2,18.75,3
16.27772427,408.15,8,0.407871928,8,2.527724271,18.86363636,3
0.663333333,463.15,5,0.1631338,0.38,0.33,22.38636364,2
230.7516314,373.65,8,0.203935964,8,221.3141314,18.86363636,3
46.11640212,448.15,6,0,5,42.11640212,15.1,2
20,398.15,8,0.810463078,0.5,19.03101852,33.20454545,1
40,396.15,8,0.607847309,0.5,39.05039815,33.20454545,1
95.88235294,433.15,6,0,22.5,80,20,2
90,423.15,4.5,0.21725,4,90,17.2386,1
105.375,373.525,10,1.325462127,0.5,30,19.77272727,1
122.3984935,408.15,8,0.101967982,8,108.6484935,18.86363636,2
6,448.15,9,0.152937938,0.84,2,16.59090909,1
30,425.15,20,0.20391725,0.42,30,15.45454545,3
7,433.15,9,0.152937938,0.84,3,16.59090909,1
41.42857143,483.15,15,0,0.59,15,15,2
35.36009226,373.65,8,0.203935964,8,25.92259226,18.86363636,3
60.03479583,443.15,6,0,5,60.03479583,21.59090909,2
65,403.15,10,1.223503502,0.5,30,19.77272727,2
70,393.15,5,0,0.177,60,12.16,2
62.5299986,433.15,10,0.137136588,0.5,60.0299986,20.909,1
0,403.15,8,0.405231539,0.5,0,33.20454545,1
615.58,373.73,10,2.039172504,0.5,540,19.77272727,3
40.625,463.15,8,0,8,20,18.86363636,2
60.81913329,388.15,8,0.305903946,8,49.56913329,18.86363636,3
105.2,373.35,10,0.713710376,0.5,30,19.77272727,1
154.3296703,440.15,6,0,5,150.3296703,15.1,2
315,413.15,5.666666667,0,2,300,19.31818182,2
16,433.15,9,0.152937938,0.84,12,16.59090909,3
123.908085,388.15,8,0.101967982,8,112.658085,18.86363636,3
35,393.15,4,0,4,15,19.48,1
12,413.15,20,0.1,0.25,10,20.90909091,3
28,433.15,9,0.152937938,0.84,24,16.59090909,3
64.875,433.15,8,0,8,48,18.86363636,1
70,453.15,8,0,8,65,16.89772727,3
115,413.15,20,0,1.625,114.6539352,18.6,1
108.9044529,408.15,8,0.203935964,8,95.15445285,18.86363636,2
80.66209532,433.15,6,0,5,59.56834532,15.02,1
14,448.15,9,0.152937938,0.84,10,16.59090909,3
44.59588985,408.15,8,0.305903946,8,30.84588985,18.86363636,3
97,393.15,5,0.1,3,67,16.93181818,2
29.54697337,433.15,6,0,0.595,29.54697337,15.1,2
110.8640227,448.15,20,0.101958625,0.5,65.86402266,16.99431818,1
73,443.15,4,0,3,19,19.9,1
201.1131594,388.15,8,0.203935964,8,189.8631594,18.86363636,2
435.58,373.73,10,2.039172504,0.5,360,19.77272727,3
10,453.15,20,1,7.9,10,18.75,2
30,458.15,3.333333333,0,1,20,23.86363636,1
34.59235453,388.15,8,0.407871928,8,23.34235453,18.86363636,3
144,403.15,20,0,1.625,143.8269676,18.6,1
60,443.15,4,0.045708819,0.42,60,25.02272727,2
14.0647964,408.15,8,0.101967982,8,0.314796398,18.86363636,3
0,423.15,5,0.34065,3,0,34.9,1
175.6189654,398.15,8,0.101967982,8,163.1189654,18.86363636,3
60,383.15,10,0.407834501,0.425,60,15,2
30,443.15,10,0.832611736,0.84,30,19.96590909,2
117.1710031,388.15,8,0.101967982,8,105.9210031,18.86363636,3
95.03541076,448.15,20,0.101958625,0.5,50.03541076,16.99431818,2
164.0937615,373.65,8,0.407871928,8,154.6562615,18.86363636,3
45.16528761,453.15,40,0,5,45.16528761,23.78409091,1
100,413.15,9,0.132546213,0.5,100,14.64,2
10,473.15,8,8.51E-06,0.509,10,21.375,2
530.8973036,373.65,8,0.305903946,8,521.4598036,18.86363636,3
7,433.15,20,0.2,0.25,5,20.90909091,2
120,403.15,8,0.405231539,0.5,118.95,33.20454545,2
30,425.15,20,0.407834501,0.42,30,15.45454545,2
64.63605442,398.15,8,0.407871928,8,52.13605442,18.86363636,3
30.09864771,423.15,6,0,5,30.09864771,21.59090909,1
60.23452463,493.15,40,0,5,60.23452463,23.78409091,1
59,423.15,5,0,3,29,16.93181818,1
120,433.15,4,0.611751751,3,120,12.95,2
12,453.15,1.53164557,0.050653942,6,11.5,17.04545455,2
29.80488179,433.15,10,0.111074086,0.5,27.30488179,20.909,3
90,403.15,9,0.132546213,0.5,90,14.64,1
40,443.15,10,1.748484647,0.178,10,19.77272727,2
45,423.15,8,0.101958625,8,45,19.43,1
90,403.15,5,0.405231539,4,90,16.375,2
60,423.15,4,0.611751751,3,60,12.95,1
100,433.15,6,0,4,60,11.932,2
25,433.15,4,0.821948239,20,20,19.33,2
44,425.15,20,0.346659326,0.42,44,15.45454545,2
29.43225467,513.15,40,0,0.425,24.2058319,20.9,1
500,423.15,3.7,0,2,493,15.48,1
14,458.15,10,0.076468969,1,5,18.75,3
16.28099968,388.15,8,0.305903946,8,5.030999682,18.86363636,3
200.1729593,428.15,8,0,5,180.1729593,17.84090909,1
20,433.15,8.6,0.5,0.5,20,14.64,3
4,473.15,1.53164557,0.050653942,6,3.5,17.04545455,3
60,453.15,4,0.023442288,0.42,60,25.02272727,1
120,463.15,4,0,10.35,60,20.47,1
27.12095924,473.15,40,0,0.425,22.8668942,20.9,3
25,413.15,20,0,1.625,24.65393519,18.6,1
130,413.15,5,0.2,3,100,16.93181818,3
62.16593245,448.15,20,0.101958625,0.5,17.16593245,18.74431818,1
34,373.15,7.69,0,5,0,14.5,1
34.29523854,408.15,8,0.101967982,8,20.54523854,18.86363636,3
65.79735585,448.15,20,0.101958625,0.5,20.79735585,20.10227273,1
46.2414966,398.15,8,0.407871928,8,33.7414966,18.86363636,3
100,423.15,20,0.1086,2,95,12.386,1
7.014388489,433.15,9,0.101958625,0.84,6,16.59,3
39.72355972,408.15,8,0.305903946,8,25.97355972,18.86363636,3
16.68392666,413.15,10,0.137136588,0.5,14.68392666,20.909,1
45,388.15,10,0.407834501,0.5,15,19.77272727,1
125,403.15,10,0.407834501,0.5,90,19.77272727,2
102,393.15,5,0.2,3,72,16.93181818,2
70,423.15,9,0.132546213,0.5,70,14.64,2
7,433.15,20,0.1,0.25,5,20.90909091,2
14.95326252,473.15,10,0,0.5,11.15326252,20.909,3
330,388.15,10,0.407834501,0.5,300,19.77272727,2
22.46153846,440.15,6,0,5,18.46153846,15.1,1
17,448.15,10,0.076468969,1,7,18.75,3
19.20898215,398.15,8,0.101967982,8,6.708982145,18.86363636,3
26.625,463.15,8,0,8,6,18.86363636,1
1.954318442,493.15,40,0,5,1.954318442,23.78409091,1
0.123163145,448.15,6,0,5,0.123163145,15.1,1
45,403.15,8,0.254896563,8,45,19.43,2
50.87792266,433.15,6,0,5,29.78417266,14.72,1
68.64661261,448.15,20,0.101958625,0.5,23.64661261,20.10227273,2
98.79331419,473.15,40,0,0.425,94.53924915,20.9,1
175.6486812,398.15,8,0.305903946,8,163.1486812,18.86363636,2
55,423.15,10,0,0.177,45,12.16,1
364,425.15,6,0,5,360,15.1,2
16.25747781,408.15,8,0.305903946,8,2.507477814,18.86363636,3
255,418.15,8,0,8,240,18.86363636,1
102.358019,388.15,8,0.101967982,8,91.10801895,18.86363636,3
48,453.15,10,0,2,0,17.4,1
86,443.15,5,0.02,3,56,16.93181818,2
125,403.15,10,0.815669002,0.5,90,19.77272727,2
345,433.15,4.76,0,5,167.8125,21.59,1
39.98798895,438.15,8,0,5,9.987988953,16.70454545,1
210,388.15,10,1.223503502,0.5,180,19.77272727,2
10.07892119,433.15,10,0.137136588,0.5,7.57892119,20.909,2
157,429.3318182,7.69,0,5,90,14.5,1
60,388.15,10,1.223503502,0.5,30,19.77272727,2
94.15873016,448.15,6,0,5,90.15873016,15.1,2
140,463.15,6,0,0.42,140,24.88636364,1
30,393.15,10,0.20261577,50,10,16.81818182,1
10.25116,453.15,3,0,2.75,10,15.94375124,1
50,425.15,20,0.20391725,0.42,50,15.45454545,2
267.6472788,373.65,8,0.305903946,8,258.2097788,18.86363636,3
253.3906084,388.15,8,0.101967982,8,242.1406084,18.86363636,2
127,427.5136364,7.69,0,5,60,14.5,1
21.25,448.15,8,0,8,2.5,18.86363636,1
120.3186521,473.15,40,0,5,120.3186521,23.78409091,1
8,433.15,9,0.152937938,0.84,4,16.59090909,2
60,433.15,4,0.091201084,0.42,60,25.02272727,2
48.73204758,448.15,20,0.101958625,0.5,3.732047578,17.38636364,1
24.375,433.15,8,0,8,7.5,18.86363636,1
538.6289431,373.65,8,0.305903946,8,529.1914431,18.86363636,3
46.875,433.15,8,0,8,30,18.86363636,1
29.02877698,433.15,9,0.101958625,0.84,0,16.59,3
45,388.15,10,0.611751751,0.5,15,19.77272727,1
10.345345,483.15,3,0,2.75,10,15.94375124,1
64.05430264,398.15,8,0.203935964,8,51.55430264,18.86363636,3
41.39532745,388.15,8,0.203935964,8,30.14532745,18.86363636,3
40,453.15,15,0,0.177,30,12.16,2
60,398.15,8,2.026157696,0.5,59.03101852,33.20454545,2
120,423.15,4,0.611751751,3,120,12.95,1
119.7619997,453.15,40,0,5,119.7619997,23.78409091,2
40,433.15,8,0,2,10,19.48,1
70,393.15,15,0,0.177,60,12.16,2
105.2951889,398.15,8,0.305903946,8,92.79518886,18.86363636,3
19,448.15,10,0.076468969,1,5,18.75,3
204.3403174,398.15,8,0.101967982,8,191.8403174,18.86363636,3
10,433.15,20,0.152937938,5,10,15.4,3
615.4,373.55,10,1.631338003,0.5,540,19.77272727,3
119.7179329,448.15,6,0,0.595,119.7179329,15.1,2
22.4047619,398.15,8,0.407871928,8,9.904761905,18.86363636,3
14,458.15,10,0.076468969,1,5,18.75,3
41.90000466,413.15,10,0.137136588,0.5,39.90000466,20.909,1
71.48955992,473.15,40,0,0.425,67.23549488,20.9,2
60.03850209,453.15,40,0,5,60.03850209,23.78409091,1
40.33333333,413.15,5,0.0815669,0.38,40,22.38636364,2
63.85390523,408.15,8,0.203935964,8,50.10390523,18.86363636,3
93.04972936,388.15,8,0.407871928,8,81.79972936,18.86363636,3
67.70508538,388.15,8,0.305903946,8,56.45508538,18.86363636,3
120,453.15,4,0.611751751,3,120,12.95,1
30.11692809,453.15,40,0,5,30.11692809,23.78409091,1
270,388.15,10,0.611751751,0.5,240,19.77272727,2
4,483.15,1.53164557,0.101307885,6,3.5,17.04545455,2
61.97602884,398.15,8,0.101967982,8,49.47602884,18.86363636,3
104.2598992,408.15,8,0.101967982,8,90.50989921,18.86363636,3
119.8817495,408.15,8,0.203935964,8,106.1317495,18.86363636,2
46.8,458.15,3.333333333,0,1,36.8,23.86363636,1
10,463.15,19,0,0.42,10,12.95454545,2
90,433.15,4.5,0.21725,4,90,17.2386,1
195.375,373.525,10,1.325462127,0.5,120,19.77272727,2
60,413.15,5,0.2,3,30,16.93181818,2
60,398.15,8,0.810463078,0.5,59.03101852,33.20454545,2
20.57768865,388.15,8,0.101967982,8,9.327688654,18.86363636,3
56.16855665,408.15,8,0.101967982,8,42.41855665,18.86363636,3
50,473.15,5,0,3,20,16.93181818,2
12,413.15,20,0.2,0.25,10,20.90909091,3
85.83329407,408.15,8,0.407871928,8,72.08329407,18.86363636,2
164.5777539,388.15,8,0.203935964,8,153.3277539,18.86363636,3
185.4838271,398.15,8,0.305903946,8,172.9838271,18.86363636,2
90,388.15,10,0.407834501,0.5,60,19.77272727,2
270,433.15,4.76,0,5,92.8125,21.59,1
50.71428571,443.15,15,0,0.59,30,15,2
113.3477903,408.15,8,0.203935964,8,99.59779034,18.86363636,2
41.28689462,398.15,8,0.203935964,8,28.78689462,18.86363636,3
120,388.15,10,1.223503502,0.5,90,19.77272727,2
99.42211706,448.15,20,0.101958625,0.5,54.42211706,16.59090909,1
198.9804406,425.15,6,0,5,179.1366906,15.02,2
65.24963289,448.15,20,0.101958625,0.5,20.24963289,18.74431818,1
192.1917754,373.65,8,0.203935964,8,182.7542754,18.86363636,3
261.5347097,373.65,8,0.203935964,8,252.0972097,18.86363636,3
30,453.15,4,0.045708819,0.42,30,25.02272727,1
15,443.15,20,0,1.625,14.13483796,18.6,1
35,403.15,5,0,13.375,10,16.81818182,1
55.43905218,408.15,8,0.407871928,8,41.68905218,18.86363636,2
40,443.15,10,0.333044695,0.84,40,19.96590909,2
9.629132791,493.15,40,0,0.425,4.888888889,20.9,3
40,463.15,19,0,0.42,40,12.95454545,2
675.2,373.35,10,0.713710376,0.5,600,19.77272727,2
188.0917759,388.15,8,0.305903946,8,176.8417759,18.86363636,3
0,448.15,6,0,8,0,18.86363636,1
30,443.15,10,0.832611736,0.84,30,19.96590909,2
1155,413.15,5.666666667,0,2,1140,19.31818182,2
280.6526215,373.65,8,0.203935964,8,271.2151215,18.86363636,3
79.68950345,418.15,8,0,5,59.68950345,17.84090909,1
111.540018,440.15,6,0,5,89.35251799,15.02,2
40,453.15,8,0,8,35,16.89772727,2
10.03846154,473.15,10,0.101958625,0.5,7.538461538,20.909,1
0,400.15,8,1.013078848,0.5,0,33.20454545,1
14,468.15,10,0.076468969,1,7,18.75,2
11.1957672,448.15,6,0,5,7.195767196,15.1,1
242.4167979,373.65,8,0.203935964,8,232.9792979,18.86363636,3
21.52540468,433.15,6,0,5,0.431654676,15.02,1
19,458.15,10,0.076468969,1,7,18.75,2
90,388.15,10,0.611751751,0.5,60,19.77272727,2
39.9029418,433.15,10,0.111074086,0.5,37.4029418,20.909,2
50,453.15,8,0,8,45,16.89772727,3
70,443.15,20,0,1.625,69.13483796,18.6,3
161.6666667,423.15,5,0.34065,3,120,34.9,1
215,403.15,10,0.407834501,0.5,180,19.77272727,2
50,443.15,4,0.2,0.509,50,17.92045455,3
90,423.15,4,0,4,55,19.48,1
40.37203645,428.15,8,0,5,15.37203645,16.70454545,1
55,423.15,10,0,0.177,45,12.16,1
149.4628345,433.15,6,0,5,149.4628345,15.1,2
44,403.15,20,0,1.625,43.82696759,18.6,1
315.375,373.525,10,1.325462127,0.5,240,19.77272727,2
90,433.15,4.5,0.331291962,4,90,17.2386,1
59.89571404,448.15,6,0,0.595,59.89571404,15.1,2
31.75,448.15,6,0,8,13,18.86363636,1
34.77294156,433.15,10,0.111074086,0.5,32.27294156,20.909,3
51.09375,433.15,6,0,5,30,14.72,2
615.375,373.525,10,1.325462127,0.5,540,19.77272727,3
478.409179,373.65,8,0.305903946,8,468.971679,18.86363636,3
0,463.15,6,0,0.42,0,24.88636364,1
443.266325,373.65,8,0.305903946,8,433.828825,18.86363636,3
149.0491125,388.15,8,0.101967982,8,137.7991125,18.86363636,3
30,433.15,10,1.665223473,0.84,30,19.96590909,1
45,388.15,10,1.223503502,0.5,15,19.77272727,2
59.55598022,425.15,6,0,5,39.71223022,15.02,1
10,433.15,9,0.152937938,0.84,6,16.59090909,2
140.8815673,388.15,8,0.203935964,8,129.6315673,18.86363636,3
36.98706426,453.15,40,0,0.425,33.21917808,20.9,3
155.6614838,398.15,8,0.101967982,8,143.1614838,18.86363636,3
155,403.15,10,0.407834501,0.5,120,19.77272727,2
5.075956472,493.15,40,0,5,5.075956472,23.78409091,2
0,448.15,8,0,8,0,18.86363636,1
14.42894177,433.15,6,0,5,14.42894177,15.1,1
140.2304406,433.15,6,0,5,119.1366906,14.72,2
115.4000961,408.15,8,0.305903946,8,101.6500961,18.86363636,2
30,473.15,19,0,0.42,30,12.95454545,1
76.38103463,388.15,8,0.101967982,8,65.13103463,18.86363636,3
40,453.15,15,0,0.177,30,12.16,2
72.67929575,448.15,20,0.101958625,0.5,27.67929575,17.38636364,3
20,473.15,19,0,0.42,20,12.95454545,2
89.56712083,448.15,20,0.101958625,0.5,44.56712083,20.10227273,2
113.9177242,373.65,8,0.407871928,8,104.4802242,18.86363636,3
20.03333333,443.15,3.9,0.0815669,0.38,19.7,21.93181818,2
41.42857143,483.15,15,0,0.59,15,16.03409,1
5,473.15,20,0.75,7.9,5,18.75,2
390,388.15,10,0.815669002,0.5,360,19.77272727,2
60,403.15,9,0.132546213,0.5,60,14.64,1
81.32419065,440.15,6,0,5,59.13669065,15.02,2
129.9946107,388.15,8,0.305903946,8,118.7446107,18.86363636,3
102.4596182,448.15,20,0.101958625,0.5,57.45961821,18.74431818,2
30,458.15,3.333333333,0,1,20,23.86363636,1
10.31395,473.15,3,0.040523154,2.75,10,15.94375124,1
0,423.15,3,0,2,0,12.386,1
139.7691109,418.15,8,0,5,119.7691109,17.84090909,1
2.533333333,443.15,3.9,0.0815669,0.38,2.2,21.93181818,2
261.5681234,433.15,7.69,0,5,111.5681234,17.84090909,1
10,453.15,20,0.5,7.9,10,18.75,2
60,398.15,8,0.810463078,0.5,59.03101852,33.20454545,2
25,433.15,9,0.132546213,0.5,25,14.64,2
254.5199612,373.65,8,0.407871928,8,245.0824612,18.86363636,3
130,443.15,5,0.15,3,100,16.93181818,2
50.81292517,398.15,8,0.407871928,8,38.31292517,18.86363636,3
60,373.15,10,0.101307885,0.5125,55,16.3,1
60,403.15,8,0.405231539,0.5,58.98256944,33.20454545,2
308.2324346,373.65,8,0.305903946,8,298.7949346,18.86363636,3
75.58,373.73,10,2.039172504,0.5,0,19.77272727,1
40,463.15,15,0,0.177,30,12.16,2
118,433.15,4,0.045708819,0.42,118,25.02272727,1
12.5,398.15,8,0.101967982,8,0,18.86363636,3
24.65803867,398.15,8,0.101967982,8,12.15803867,18.86363636,3
375.29,373.44,10,1.019586252,0.5,300,19.77272727,2
45,443.15,8,0.254896563,8,45,19.43,2
38.11375899,448.15,6,0,5,14.67625899,15.02,1
32,393.15,20,0.2,0.25,30,20.90909091,3
99,433.15,5,0.2,3,69,16.93181818,3
180,413.15,6,0,4,150,11.932,1
45,423.15,8,0.407834501,8,45,19.43,2
90,443.15,4,0.030199517,0.42,90,25.02272727,2
100.2635545,418.15,8,0,5,80.2635545,16.70454545,1
28,433.15,20,0,1.625,27.30787037,18.6,1
20,423.15,9,0.132546213,0.5,20,14.64,1
30,423.15,8,0.06,0.515,30,17.95454545,2
126,423.15,20,0,1.625,125.4809028,18.6,2
56.875,433.15,8,0,8,40,18.86363636,1
19.1584721,373.65,8,0.203935964,8,9.720972097,18.86363636,3
91.63545306,408.15,8,0.305903946,8,77.88545306,18.86363636,2
375.4,373.55,10,1.631338003,0.5,300,19.77272727,2
0,403.15,8,0.810463078,0.5,0,33.20454545,1
10.00091047,453.15,10,0,0.5,6.60091047,20.909,1
73.58629024,448.15,20,0.101958625,0.5,28.58629024,20.10227273,3
45,423.15,8,0.254896563,8,45,19.43,2
60,398.15,8,0.405231539,0.5,59.03101852,33.20454545,2
165,418.15,8,0,8,150,18.86363636,1
60,433.15,4,0.091201084,0.42,60,25.02272727,2
20,483.15,8,8.51E-06,0.509,20,21.375,1
65.55418165,433.15,6,0,5,44.46043165,15.02,1
53.55234302,373.65,8,0.407871928,8,44.11484302,18.86363636,3
23.38741433,408.15,8,0.101967982,8,9.637414326,18.86363636,3
20,453.15,10,0.832611736,0.84,20,19.96590909,2
15.22108844,398.15,8,0.407871928,8,2.721088435,18.86363636,3
41.15971075,388.15,8,0.305903946,8,29.90971075,18.86363636,3
87.06798867,448.15,20,0.101958625,0.5,42.06798867,16.99431818,2
20,433.15,6,0.5,0.5,20,14.64,2
160.0716838,428.15,8,0,5,135.0716838,16.70454545,2
6.507612206,453.15,40,0,0.425,2.739726027,20.9,1
40,443.15,10,1.665223473,0.84,40,19.96590909,1
35.92203811,398.15,8,0.203935964,8,23.42203811,18.86363636,3
85.74053371,408.15,8,0.305903946,8,71.99053371,18.86363636,2
1.003333333,463.15,5,0.1631338,0.38,0.67,22.38636364,2
390,388.15,10,1.223503502,0.5,360,19.77272727,2
110.3333333,413.15,5,0.0815669,0.38,110,22.38636364,2
39.45368705,440.15,6,0,5,17.26618705,15.02,1
97.70377955,448.15,20,0.101958625,0.5,52.70377955,20.10227273,1
90,443.15,4.5,0.21725,4,90,17.2386,1
24.99105536,373.65,8,0.203935964,8,15.55355536,18.86363636,3
160,433.15,8,0,4,120,11.932,2
20,443.15,8,0.75,0.5,20,14.64,2
78.20117474,448.15,20,0.101958625,0.5,33.20117474,18.74431818,3
10.31395,473.15,3,0,2.75,10,15.94375124,1
220.7066269,373.65,8,0.203935964,8,211.2691269,18.86363636,3
90,413.15,10,0,4,60,11.932,1
135.6114941,408.15,8,0.305903946,8,121.8614941,18.86363636,2
169.8583144,388.15,8,0.101967982,8,158.6083144,18.86363636,3
9.4375,373.65,8,0.305903946,8,0,18.86363636,3
43.75,448.15,10,0,8,25,18.86363636,1
30,458.15,3.333333333,0,1,20,23.86363636,1
42,413.9362054,4,0,3,0,19.9,1
21.625,463.15,8,0,8,1,18.86363636,1
28.96630237,398.15,8,0.101967982,8,16.46630237,18.86363636,3
285.5144521,373.65,8,0.101967982,8,276.0769521,18.86363636,3
8.690925109,473.15,40,0,0.425,4.436860068,20.9,3
67,473.15,5,0,3,37,16.93181818,2
215,403.15,10,0.611751751,0.5,180,19.77272727,2
45.49648272,408.15,8,0.407871928,8,31.74648272,18.86363636,3
143.5628612,388.15,8,0.305903946,8,132.3128612,18.86363636,3
270,388.15,10,0.815669002,0.5,240,19.77272727,2
212.0752119,388.15,8,0.101967982,8,200.8252119,18.86363636,3
60,398.15,20,0.810463078,0.5,59.03101852,33.20454545,2
114.3760148,388.15,8,0.203935964,8,103.1260148,18.86363636,3
200.6620953,433.15,6,0,5,179.5683453,14.72,2
40,400.15,8,0.607847309,0.5,39.01163889,33.20454545,1
158.1310152,398.15,8,0.203935964,8,145.6310152,18.86363636,2
128.5334084,408.15,8,0.203935964,8,114.7834084,18.86363636,2
125.6685346,408.15,8,0.407871928,8,111.9185346,18.86363636,2
140.7142857,443.15,15,0,0.59,120,15,2
66.6713881,448.15,20,0.101958625,0.5,21.6713881,16.99431818,1
60,433.15,9,0.132546213,0.5,60,14.64,3
139.9145456,438.15,8,0,5,109.9145456,16.70454545,2
335,403.15,10,1.223503502,0.5,300,19.77272727,2
179.7775438,433.15,6,0,5,179.7775438,15.1,2
71.51982379,448.15,20,0.101958625,0.5,26.51982379,18.74431818,3
30,443.15,10,0.832611736,0.84,30,19.96590909,2
22.29416565,408.15,8,0.407871928,8,8.544165652,18.86363636,3
60,402.15,8,0.810463078,0.5,58.99225926,33.20454545,2
120,433.15,8,0,2,90,19.48,2
125,403.15,10,0.611751751,0.5,90,19.77272727,2
60,443.15,6,0,0.42,60,24.88636364,1
35.88235294,433.15,6,0,22.5,20,20,1
50,393.15,10,0.20261577,3,30,16.81818182,1
376.1707514,373.65,8,0.407871928,8,366.7332514,18.86363636,3
20,463.15,19,0,0.42,20,12.95454545,2
16,425.15,20,0.346659326,0.42,16,15.45454545,3
94.94796127,373.65,8,0.407871928,8,85.51046127,18.86363636,3
219.9631943,438.15,8,0,5,199.9631943,17.84090909,1
94.70588235,423.15,6,0,22.5,80,20,1
218.1923217,373.65,8,0.101967982,8,208.7548217,18.86363636,3
14,458.15,10,0.076468969,1,7,18.75,3
115.717843,408.15,8,0.101967982,8,101.967843,18.86363636,2
100,423.15,5,0.1086,2,95,12.386,2
17,468.15,10,0.076468969,1,7,18.75,2
80.81966032,448.15,20,0.101958625,0.5,35.81966032,17.38636364,3
90,413.15,8,0,4,60,11.932,1
69.80090125,408.15,8,0.305903946,8,56.05090125,18.86363636,2
160.1898401,418.15,8,0,5,140.1898401,17.84090909,1
40.26077652,418.15,8,0,5,20.26077652,17.84090909,1
83.41399928,448.15,20,0.101958625,0.5,38.41399928,16.59090909,2
25.95165118,408.15,8,0.305903946,8,12.20165118,18.86363636,3
51.7402439,493.15,40,0,0.425,47,20.9,1
7,448.15,9,0.152937938,0.84,3,16.59090909,2
80,423.15,9,0.132546213,0.5,80,14.64,2
97.89856068,408.15,8,0.101967982,8,84.14856068,18.86363636,3
6.606679168,448.15,6,0,5,6.606679168,15.1,1
220.1310801,428.15,8,0,5,200.1310801,17.84090909,1
60,398.15,8,1.215694618,0.5,59.03101852,33.20454545,2
71.67380644,448.15,20,0.101958625,0.5,26.67380644,20.10227273,2
30.05189681,473.15,10,0,0.5,26.25189681,20.909,2
198.2959184,398.15,8,0.407871928,8,185.7959184,18.86363636,2
90,423.15,9,0.132546213,0.5,90,14.64,2
60,453.15,8,0,8,55,16.89772727,3
20.625,463.15,8,0,8,0,18.86363636,1
140.7493234,388.15,8,0.407871928,8,129.4993234,18.86363636,3
39.78433127,438.15,8,0,5,19.78433127,17.84090909,1
30,393.15,10,0.20391725,0.425,30,15,2
13.05995356,398.15,8,0.305903946,8,0.559953562,18.86363636,3
94,425.15,6,0,5,90,15.1,1
44.29850746,425.15,6,0,5,40.29850746,15.1,1
103.3161781,408.15,8,0.203935964,8,89.56617811,18.86363636,2
45,423.15,8,0.254896563,8,45,19.43,2
12,448.15,9,0.152937938,0.84,8,16.59090909,3
15,473.15,20,0.75,7.9,15,18.75,2
41.92014917,408.15,8,0.101967982,8,28.17014917,18.86363636,3
62.5,438.15,8,0,2,30,19.48,2
10,443.15,20,0,1.625,9.134837963,18.6,1
60,433.15,5,0,13.375,20,16.81818182,1
80,413.15,9,0.132546213,0.5,80,14.64,2
71.2336396,453.15,40,0,0.425,67.46575342,20.9,3
10.03333333,443.15,3.9,0.1631338,0.38,9.7,21.93181818,2
210.6587247,373.65,8,0.407871928,8,201.2212247,18.86363636,3
18,433.15,20,0,1.625,17.30787037,18.6,1
31.75,448.15,8,0,8,13,18.86363636,1
179.9993115,428.15,8,0,5,154.9993115,16.70454545,2
50,413.15,9,0.132546213,0.5,50,14.64,1
100,403.15,8,1.215694618,0.5,98.95,33.20454545,1
25,433.15,4,0.288792625,20,20,19.33,2
0.626784115,433.15,6,0,5,0.626784115,21.59090909,1
99.40317507,418.15,8,0,5,79.40317507,17.84090909,1
110.099797,388.15,8,0.407871928,8,98.84979702,18.86363636,3
90,443.15,4,0.099913408,10.35,30,20.47,2
25.6856944,453.15,40,0,0.425,21.91780822,20.9,3
0,443.15,15,0,0.59,0,15,1
120,403.15,8,0.810463078,0.5,118.95,33.20454545,1
0.202550504,453.15,6,0,5,0.202550504,21.59090909,1
38.87993906,513.15,40,0,0.425,33.6535163,20.9,1
201.3241906,440.15,6,0,5,179.1366906,15.02,2
31.75,448.15,10,0,8,13,18.86363636,1
17,458.15,10,0.076468969,1,5,18.75,3
120,403.15,8,0.405231539,0.5,118.9825694,33.20454545,2
19.99393495,408.15,8,0.101967982,8,6.243934955,18.86363636,3
147.9013605,398.15,8,0.407871928,8,135.4013605,18.86363636,2
60,443.15,4,0.045708819,0.42,60,25.02272727,2
23.92,448.15,6,0,8,5.17,18.86363636,1
155,403.15,10,1.019586252,0.5,120,19.77272727,2
315.4,373.55,10,1.631338003,0.5,240,19.77272727,2
369.8210401,373.65,8,0.305903946,8,360.3835401,18.86363636,3
66,393.15,5,0.1,3,36,16.93181818,1
138.075,433.15,8,0,8,121.2,18.86363636,2
78.75,448.15,10,0,8,60,18.86363636,2
40.04643399,453.15,10,0,0.5,36.64643399,20.909,3
6.851355014,493.15,40,0,0.425,2.111111111,20.9,3
13,433.15,9,0.152937938,0.84,9,16.59090909,3
19,448.15,10,0.076468969,1,7,18.75,3
35,443.15,4,0.555370432,20,30,19.33,2
4,433.15,6,0,5,0,14.7,1
60.93484419,448.15,20,0.101958625,0.5,15.93484419,16.99431818,1
121.3435374,398.15,8,0.407871928,8,108.8435374,18.86363636,2
60,473.15,19,0,0.42,60,12.95454545,1
148.8456211,398.15,8,0.203935964,8,136.3456211,18.86363636,3
63.90934844,448.15,20,0.101958625,0.5,18.90934844,16.99431818,1
100,433.15,8,0,4,60,11.932,2
60,388.15,10,0.407834501,0.5,30,19.77272727,2
184.8011198,398.15,8,0.101967982,8,172.3011198,18.86363636,3
543.9426935,373.65,8,0.407871928,8,534.5051935,18.86363636,3
105,433.15,8,0,2,75,19.48,2
120,443.15,4,0,10.35,60,25.46,2
30,425.15,20,0.20391725,0.42,30,15.45454545,3
18.56839959,373.65,8,0.305903946,8,9.130899593,18.86363636,3
50.75624082,448.15,20,0.101958625,0.5,5.756240822,18.74431818,1
1.875,513.15,40,0,5,1.875,23.78409091,1
79.87461079,438.15,8,0,5,49.87461079,16.70454545,2
16,425.15,20,0.061175175,0.42,16,15.45454545,3
30,403.15,9,0.132546213,0.5,30,14.64,1
30.0691638,493.15,40,0,5,30.0691638,23.78409091,1
119.6480075,438.15,8,0,5,89.64800747,16.70454545,2
51.65158607,448.15,20,0.101958625,0.5,6.651586074,20.10227273,1
62.92674901,388.15,8,0.101967982,8,51.67674901,18.86363636,3
40.79231167,398.15,8,0.101967982,8,28.29231167,18.86363636,3
30,458.15,3.333333333,0,1,20,23.86363636,1
20,433.15,6,0.5,0.5,20,14.64,2
42.5,408.15,5,0,13.375,15,16.81818182,1
210.9856548,373.65,8,0.203935964,8,201.5481548,18.86363636,3
89.83165859,413.15,6,0,5,89.83165859,21.59090909,1
187,429.8772727,7.69,0,5,120,14.5,1
10.37674,493.15,3,0,2.75,10,15.94375124,1
89.93206708,473.15,40,0,5,89.93206708,23.78409091,1
17,448.15,10,0.076468969,1,2,18.75,2
80,403.15,8,1.215694618,0.5,78.95,33.20454545,2
335,403.15,10,0.407834501,0.5,300,19.77272727,2
184,425.15,6,0,5,180,15.1,2
0,313.1699601,4,0,3,0,19.9,1
335,403.15,10,0.815669002,0.5,300,19.77272727,2
62.99082256,448.15,20,0.101958625,0.5,17.99082256,17.38636364,1
60.03403053,423.15,6,0,5,60.03403053,21.59090909,1
0,468.15,8,0,8,0,19.886,1
30.18079036,413.15,6,0,5,30.18079036,21.59090909,1
195.58,373.73,10,2.039172504,0.5,120,19.77272727,3
99.92888904,463.15,6,0,0.42,99.92888904,24.88636364,2
27.9367726,388.15,8,0.203935964,8,16.6867726,18.86363636,3
140,433.15,4,0,5,90,17.6,3
80,413.15,5,0.2,3,50,16.93181818,2
0,423.15,5,0.34065,3,0,34.9,1
9.976923077,433.15,10,0.407834501,0.5,7.476923077,20.909,3
44.17227718,398.15,8,0.305903946,8,31.67227718,18.86363636,3
124,440.15,6,0,5,120,15.1,2
30,453.15,10,0.333044695,0.84,30,19.96590909,1
60,398.15,8,0.810463078,0.5,59.03101852,33.20454545,2
20,403.15,8,0.405231539,0.5,18.98256944,33.20454545,1
180,368.15,10,0.20261577,0.5125,175,16.3,3
12,553.15,1.53164557,0.101307885,6,11.5,17.04545455,2
25,403.15,9,0.132546213,0.5,25,14.64,1
270,388.15,10,1.223503502,0.5,240,19.77272727,2
0.663333,463.15,3.9,0.1631338,0.38,0.33,25.68181818,2
60,453.15,4,0.611751751,3,60,12.95,2
60,443.15,4,0.045708819,0.42,60,25.02272727,2
30,425.15,20,0.20391725,0.42,30,15.45454545,3
37.58406344,433.15,10,0.137136588,0.5,35.08406344,20.909,1
0,423.15,3.7,0,2,0,15.48,1
82.81292517,398.15,8,0.407871928,8,70.31292517,18.86363636,3
167.8197279,398.15,8,0.407871928,8,155.3197279,18.86363636,2
30,473.15,8,0,8,25,16.89772727,3
90,443.15,4,0,10.35,30,20.47,1
159.1404703,373.65,8,0.203935964,8,149.7029703,18.86363636,3
5.892857143,513.15,40,0,5,5.892857143,23.78409091,1
145.4586841,398.15,8,0.101967982,8,132.9586841,18.86363636,3
10.282555,463.15,3,0.040523154,2.75,10,15.94375124,1
125,403.15,10,1.019586252,0.5,90,19.77272727,2
0.684220474,453.15,40,0,5,0.684220474,23.78409091,1
24.08221253,398.15,8,0.305903946,8,11.58221253,18.86363636,3
518.6887868,373.65,8,0.101967982,8,509.2512868,18.86363636,3
51.40245256,398.15,8,0.203935964,8,38.90245256,18.86363636,3
65,443.15,8,0,2,30,19.48,2
100,423.15,5,0,2,95,12.386,1
38.10698428,408.15,8,0.101967982,8,24.35698428,18.86363636,3
22.18886574,408.15,8,0.101967982,8,8.438865744,18.86363636,3
83.00584532,448.15,6,0,5,59.56834532,15.02,2
65,403.15,10,0.611751751,0.5,30,19.77272727,2
8,453.15,1.53164557,0.101307885,6,7.5,17.04545455,2
30.38893885,440.15,6,0,5,8.201438849,15.02,1
60,423.15,3.7,0,2,53,15.48,1
90,403.15,8,0.405231539,0.5,88.98256944,33.20454545,2
183.2499401,373.65,8,0.305903946,8,173.8124401,18.86363636,3
40,423.15,10,0.20261577,50,5,16.81818182,1
141.3241906,440.15,6,0,5,119.1366906,15.02,2
98.44316984,408.15,8,0.203935964,8,84.69316984,18.86363636,2
43.75,448.15,8,0,8,25,18.86363636,1
291.6452442,433.15,7.69,0,5,141.6452442,17.84090909,1
80.32792373,408.15,8,0.407871928,8,66.57792373,18.86363636,2
90,433.15,4.5,0,4,90,17.2386,1
66,513.15,10,0,2,0,17.4,1
90,403.15,5,0.405231539,4,90,16.375,2
107.3400772,448.15,20,0.101958625,0.5,62.34007718,16.59090909,1
225,433.15,4.76,0,5,47.8125,21.59,1
0.358672554,423.15,6,0,5,0.358672554,21.59090909,1
38.69635585,388.15,8,0.101967982,8,27.44635585,18.86363636,3
20,423.15,4,0.75,0.5,20,14.64,2
32,385.1537702,4,0,3,0,19.9,1
90,403.15,5,0.405231539,4,90,16.375,2
15.90256213,388.15,8,0.101967982,8,4.652562133,18.86363636,3
43.93939394,468.15,8,0,8,0,19.886,2
40.01706028,418.15,8,0,5,20.01706028,16.70454545,1
239.976662,418.15,8,0,5,219.976662,17.84090909,1
16,423.15,20,0,1.625,15.48090278,18.6,1
4.909541994,433.15,10,0.111074086,0.5,2.409541994,20.909,1
33.26273904,413.15,10,0.137136588,0.5,31.26273904,20.909,1
212.8760705,388.15,8,0.203935964,8,201.6260705,18.86363636,2
69.85835694,448.15,20,0.101958625,0.5,24.85835694,16.99431818,2
24.44016828,408.15,8,0.203935964,8,10.69016828,18.86363636,3
328.3074527,373.65,8,0.305903946,8,318.8699527,18.86363636,3
36.625,463.15,8,0,8,16,18.86363636,2
85,413.15,5,0.02,3,55,16.93181818,1
40,423.15,9,0.132546213,0.5,40,14.64,2
248.4676285,373.65,8,0.305903946,8,239.0301285,18.86363636,3
60,423.15,6,0,0.42,60,24.88636364,1
133.0855395,373.65,8,0.305903946,8,123.6480395,18.86363636,3
555.4,373.55,10,1.631338003,0.5,480,19.77272727,3
239.5830507,433.15,6,0,0.595,239.5830507,15.1,2
244,433.15,6,0,5,240,15.1,2
55,423.15,10,0,0.177,45,12.16,1
22.61915468,440.15,6,0,5,0.431654676,15.02,1
101.0986395,398.15,8,0.407871928,8,88.59863946,18.86363636,3
80,483.15,8,8.51E-06,0.509,80,21.375,1
32.52300411,433.15,10,0.137136588,0.5,30.02300411,20.909,1
271.9037466,373.65,8,0.203935964,8,262.4662466,18.86363636,3
20,433.15,10,0.832611736,0.84,20,19.96590909,1
100,423.15,20,0,2,95,12.386,1
127,393.15,5,0.1,3,97,16.93181818,1
262,430.7863636,7.69,0,5,195,14.5,2
110,443.15,4,0,5,60,17.6,2
85.15580737,448.15,20,0.101958625,0.5,40.15580737,16.99431818,2
0,433.15,6,0,0.595,0,15.1,1
57.57575758,513.15,8,0,8,0,19.886,1
30,453.15,8,0,8,25,16.89772727,2
21.09375,433.15,6,0,5,0,14.72,1
25.29579946,493.15,40,0,0.425,20.55555556,20.9,1
100,423.15,35,0.1086,2,95,12.386,1
52,443.15,4,0.555370432,20,47,19.33,2
10.31395,473.15,3,0.101307885,2.75,10,15.94375124,2
165.7130843,398.15,8,0.101967982,8,153.2130843,18.86363636,3
100.840344,408.15,8,0.407871928,8,87.09034396,18.86363636,2
90.15414706,453.15,40,0,5,90.15414706,23.78409091,2
80,403.15,8,0.405231539,0.5,78.95,33.20454545,2
90.06660697,423.15,6,0,5,90.06660697,21.59090909,1
30,463.15,15,0,0.177,20,12.16,2
19,458.15,10,0.076468969,1,7,18.75,2
39.78433127,428.15,8,0,5,19.78433127,17.84090909,1
375.375,373.525,10,1.325462127,0.5,300,19.77272727,2
8,483.15,1.53164557,0.050653942,6,7.5,17.04545455,2
60,403.15,8,0.101958625,8,60,19.43,1
41.86590487,448.15,6,0,5,41.86590487,15.1,1
48,433.15,20,0,1.625,47.30787037,18.6,2
19.98,473.15,5.666666667,0,2,4.98,19.31818182,2
18.75,448.15,6,0,8,0,18.86363636,1
60,413.15,5,0,13.375,30,16.81818182,1
80,396.15,8,1.013078848,0.5,79.05039815,33.20454545,2
3,433.15,20,0.2,0.25,1,20.90909091,2
10,443.15,20,0.152937938,5,10,15.4,2
177.2891156,398.15,8,0.407871928,8,164.7891156,18.86363636,2
231.2982005,433.15,7.69,0,5,81.29820051,17.84090909,1
0,433.15,4.5,0,4,0,17.2386,1
105.4,373.55,10,1.631338003,0.5,30,19.77272727,2
277,430.9681818,7.69,0,5,210,14.5,2
60,368.15,10,0.303923654,0.5125,55,16.3,3
138.9804406,425.15,6,0,5,119.1366906,15.02,2
10,483.15,8,8.51E-06,0.509,10,21.375,1
90.83348084,408.15,8,0.407871928,8,77.08348084,18.86363636,2
200.2215832,388.15,8,0.407871928,8,188.9715832,18.86363636,3
76.875,433.15,8,0,8,60,18.86363636,1
275,403.15,10,0.611751751,0.5,240,19.77272727,2
21.09375,433.15,6,0,5,0,14.72,1
180,443.15,4,0.099913408,10.35,120,20.47,2
35,443.15,5,0,1,30,23.86363636,1
135.4,373.55,10,1.631338003,0.5,60,19.77272727,2
37.14285714,453.15,15,0,0.59,15,16.03409,2
184,433.15,6,0,5,180,14.7,2
127,393.15,5,0.02,3,97,16.93181818,1
160,463.15,6,0,0.42,160,24.88636364,1
40,473.15,19,0,0.42,40,12.95454545,1
101.7867349,373.65,8,0.203935964,8,92.34923492,18.86363636,3
90,413.15,4,0,4,60,19.48,1
56,483.15,10,0,2,0,17.4,2
159.9938956,463.15,6,0,0.42,159.9938956,24.88636364,1
61.35977337,448.15,20,0.101958625,0.5,16.35977337,16.99431818,1
71.10866373,448.15,20,0.101958625,0.5,26.10866373,18.74431818,2
293.8754564,373.65,8,0.407871928,8,284.4379564,18.86363636,3
50,423.15,9,0.132546213,0.5,50,14.64,2
63.78494624,433.15,6,0,5,59.78494624,15.1,2
60,433.15,6,0,0.42,60,24.88636364,1
200,423.15,3.7,0,2,193,15.48,1
50.01461331,433.15,6,0,5,28.92086331,15.02,1
60,403.15,8,0.407834501,8,60,19.43,3
75.375,373.525,10,1.325462127,0.5,0,19.77272727,1
46.49605124,388.15,8,0.305903946,8,35.24605124,18.86363636,3
120,388.15,10,0.611751751,0.5,90,19.77272727,2
1.003333333,463.15,3.9,0.0815669,0.38,0.67,21.93181818,2
14,458.15,10,0.076468969,1,2,18.75,3
29.91232014,448.15,6,0,5,6.474820144,15.02,1
17,458.15,10,0.076468969,1,7,18.75,2
70.98721005,408.15,8,0.101967982,8,57.23721005,18.86363636,3
0.663333333,463.15,3.9,0.1631338,0.38,0.33,21.93181818,2
44.79458382,433.15,6,0,5,44.79458382,15.1,1
81.4800406,388.15,8,0.407871928,8,70.2300406,18.86363636,3
184.2150538,433.15,6,0,5,180.2150538,15.1,3
47.16195818,398.15,8,0.101967982,8,34.66195818,18.86363636,3
30,513.15,40,0,5,30,23.78409091,1
47.81928405,373.65,8,0.305903946,8,38.38178405,18.86363636,3
217.1547456,388.15,8,0.305903946,8,205.9047456,18.86363636,2
60,398.15,12,0.810463078,0.5,59.03101852,33.20454545,2
95,423.15,10,0.20261577,3,60,16.81818182,2
30,443.15,10,0.832611736,0.84,30,19.96590909,2
117.0965946,398.15,8,0.203935964,8,104.5965946,18.86363636,3
390,388.15,10,0.611751751,0.5,360,19.77272727,2
20,423.15,4,0.25,0.5,20,14.64,1
141.09375,433.15,6,0,5,120,14.72,3
40,443.15,10,0,0.178,10,19.77272727,1
10.219765,443.15,3,0.101307885,2.75,10,15.94375124,1
22,413.15,20,0.2,0.25,20,20.90909091,2
19,458.15,10,0.076468969,1,7,18.75,3
195.4,373.55,10,1.631338003,0.5,120,19.77272727,2
22.625,463.15,8,0,8,2,18.86363636,1
38.35221265,373.65,8,0.101967982,8,28.91471265,18.86363636,3
115,423.15,10,0.20261577,3,80,16.81818182,2
60,443.15,4,0.611751751,3,60,12.95,2
315.565853,373.65,8,0.407871928,8,306.128353,18.86363636,3
29.95538695,453.15,10,0,0.5,26.55538695,20.909,2
75.70113314,448.15,20,0.101958625,0.5,30.70113314,16.99431818,3
68.61799823,448.15,20,0.101958625,0.5,23.61799823,16.59090909,2
52,439.6046463,4,0,3,0,19.9,2
53.75,448.15,6,0,8,35,18.86363636,1
94.22481266,433.15,6,0,5,90.22481266,14.7,2
45,453.15,4,0.821948239,20,40,19.33,2
4,425.15,6,0,5,0,15.1,1
101,413.15,5,0.2,3,71,16.93181818,3
15,463.15,20,1,7.9,15,18.75,2
160.0048911,388.15,8,0.305903946,8,148.7548911,18.86363636,3
65.40777064,388.15,8,0.203935964,8,54.15777064,18.86363636,3
15,433.15,20,0.152937938,5,15,15.4,2
35.71428571,443.15,15,0,0.59,15,15,1
140.6620953,433.15,6,0,5,119.5683453,15.02,2
67.20922016,373.65,8,0.305903946,8,57.77172016,18.86363636,3
18,443.15,4,0.555370432,20,13,19.33,2
10,463.15,20,0.75,7.9,10,18.75,2
134.6014565,388.15,8,0.101967982,8,123.3514565,18.86363636,3
179.7537353,418.15,8,0,5,159.7537353,16.70454545,1
60,373.15,10,0.20261577,0.5125,55,16.3,2
165,413.15,20,0,1.625,164.6539352,18.6,2
20,433.15,3.4,0.5,0.5,20,14.64,2
48,453.15,10,0,12,0,17.4,1
29.625,463.15,8,0,8,9,18.86363636,1
100,423.15,3,0,2,95,12.386,1
60,413.15,9,0.132546213,0.5,60,14.64,2
14,448.15,10,0.076468969,1,2,18.75,2
124,448.15,6,0,5,120,15.1,2
35,443.15,4,0.111074086,20,30,19.33,2
27.67784145,433.15,10,0.137136588,0.5,25.17784145,20.909,1
180,363.15,10,0.20261577,0.5125,175,16.3,3
109.8653549,408.15,8,0.305903946,8,96.11535492,18.86363636,2
10,448.15,9,0.152937938,0.84,6,16.59090909,3
1.253333333,443.15,3.9,0.1631338,0.38,0.92,21.93181818,2
81,393.15,5,0.02,3,51,16.93181818,1
275,403.15,10,1.223503502,0.5,240,19.77272727,2
15.89914118,398.15,8,0.305903946,8,3.399141177,18.86363636,3
14,468.15,10,0.076468969,1,7,18.75,2
30,458.15,3.333333333,0,1,20,23.86363636,1
79.81726272,438.15,8,0,5,59.81726272,17.84090909,1
120,388.15,10,1.019586252,0.5,90,19.77272727,2
62.64231087,448.15,20,0.101958625,0.5,17.64231087,16.59090909,1
40,403.15,8,1.215694618,0.5,38.95,33.20454545,2
40.69047619,398.15,8,0.407871928,8,28.19047619,18.86363636,3
105.58,373.73,10,2.039172504,0.5,30,19.77272727,2
25.2,473.15,5.666666667,0,2,10.2,19.31818182,2
110.4772394,448.15,20,0.101958625,0.5,65.47723935,18.74431818,1
90,373.15,10,0.407834501,0.425,90,15,2
150,413.15,6,0,4,120,11.932,1
29.92388363,388.15,8,0.407871928,8,18.67388363,18.86363636,3
67,410.2409091,7.69,0,5,0,14.5,1
134.7056344,398.15,8,0.305903946,8,122.2056344,18.86363636,3
47.67254038,448.15,20,0.101958625,0.5,2.672540382,18.74431818,1
136.0702481,373.65,8,0.407871928,8,126.6327481,18.86363636,3
81.77231188,388.15,8,0.101967982,8,70.52231188,18.86363636,3
155.5666441,388.15,8,0.407871928,8,144.3166441,18.86363636,3
210,388.15,10,0.407834501,0.5,180,19.77272727,2
15.02177549,493.15,40,0,5,15.02177549,23.78409091,1
79.93581358,428.15,8,0,5,54.93581358,16.70454545,1
71.97575383,373.65,8,0.203935964,8,62.53825383,18.86363636,3
90.30447284,433.15,6,0,5,90.30447284,15.1,2
55,423.15,5,0,13.375,20,16.81818182,1
90,393.15,10,0.20391725,0.425,90,15,3
26.54647193,413.15,10,0.137136588,0.5,24.54647193,20.909,1
78.92631373,398.15,8,0.203935964,8,66.42631373,18.86363636,3
15.06739323,433.15,10,0.137136588,0.5,12.56739323,20.909,2
188.1734694,398.15,8,0.407871928,8,175.6734694,18.86363636,2
60.28742359,438.15,8,0,5,30.28742359,16.70454545,2
70,413.15,9,0.132546213,0.5,70,14.64,2
69.17266187,433.15,9,0.101958625,0.84,4,16.59,2
100,403.15,8,0.405231539,0.5,98.98256944,33.20454545,2
110,433.15,4,0,5,60,17.6,2
124.0499584,433.15,6,0,5,120.0499584,14.7,2
142,428.6045455,7.69,0,5,75,14.5,1
42.85714286,493.15,15,0,0.59,15,16.03409,1
157.7246848,373.65,8,0.305903946,8,148.2871848,18.86363636,3
21.25,448.15,10,0,8,2.5,18.86363636,1
45,433.15,4,0.288792625,20,40,19.33,2
60,443.15,4,0.045708819,0.42,60,25.02272727,1
135.58,373.73,10,2.039172504,0.5,60,19.77272727,2
30,443.15,15,0,0.177,20,12.16,1
25,413.15,9,0.132546213,0.5,25,14.64,1
120.1636326,408.15,8,0.407871928,8,106.4136326,18.86363636,2
0,403.15,8,0.405231539,0.5,0,33.20454545,1
354.5320095,373.65,8,0.203935964,8,345.0945095,18.86363636,3
60,398.15,8,0.810463078,0.5,59.03101852,33.20454545,2
64.10582011,448.15,6,0,5,60.10582011,15.1,2
65.03890392,388.15,8,0.407871928,8,53.78890392,18.86363636,3
192.7461264,388.15,8,0.101967982,8,181.4961264,18.86363636,3
449.4122959,373.65,8,0.407871928,8,439.9747959,18.86363636,3
34.70588235,423.15,6,0,22.5,20,20,1
20,513.15,40,0,5,20,23.78409091,1
28.2903455,408.15,8,0.203935964,8,14.5403455,18.86363636,3
217,430.4227273,7.69,0,5,150,14.5,2
99,413.15,5,0.02,3,69,16.93181818,1
120.1781766,428.15,8,0,5,95.17817662,16.70454545,2
97.05975878,398.15,8,0.203935964,8,84.55975878,18.86363636,3
20.9352518,433.15,9,0.101958625,0.84,10,16.59,3
0,425.15,20,0.20391725,0.42,0,15.45454545,1
95,403.15,10,0.611751751,0.5,60,19.77272727,2
196.8,418.15,8,0,8,181.8,18.86363636,1
30.05413279,473.15,40,0,5,30.05413279,23.78409091,2
8,473.15,1.53164557,0.101307885,6,7.5,17.04545455,2
18.75,448.15,8,0,8,0,18.86363636,1
172,429.6954545,7.69,0,5,105,14.5,1
86.25573848,408.15,8,0.101967982,8,72.50573848,18.86363636,3
71.53387208,398.15,8,0.203935964,8,59.03387208,18.86363636,3
125.2684363,398.15,8,0.305903946,8,112.7684363,18.86363636,2
76.875,433.15,8,0,8,60,18.86363636,1
54,453.15,5.666666667,0,2,39,19.31818182,2
8.684398751,513.15,40,0,0.425,3.457975986,20.9,2
22.28423683,408.15,8,0.305903946,8,8.534236828,18.86363636,3
8,463.15,1.53164557,0.050653942,6,7.5,17.04545455,2
60,383.15,10,0.20391725,0.425,60,15,2
60,383.15,10,0.305875876,0.425,60,15,2
45.80117592,408.15,8,0.101967982,8,32.05117592,18.86363636,3
75.4,373.55,10,1.631338003,0.5,0,19.77272727,1
67.5,448.15,8,0,2,30,19.48,2
90,433.15,4.5,0.664240435,4,90,17.2386,1
19,448.15,10,0.076468969,1,7,18.75,3
64.44050992,448.15,20,0.101958625,0.5,19.44050992,16.99431818,1
35.57482993,398.15,8,0.407871928,8,23.07482993,18.86363636,3
90,373.15,10,0.20391725,0.425,90,15,1
88.97842748,373.65,8,0.305903946,8,79.54092748,18.86363636,3
457.18844,373.65,8,0.101967982,8,447.75094,18.86363636,3
60,443.15,8,0.407834501,8,60,19.43,2
5,453.15,20,0.75,7.9,5,18.75,1
180,373.15,10,0.303923654,0.5125,175,16.3,3
19,468.15,10,0.076468969,1,7,18.75,2
19.05376344,433.15,6,0,5,15.05376344,15.1,1
15.02307692,473.15,10,0.101958625,0.5,12.52307692,20.909,2
60,378.15,8,0.405231539,0.5,59.22481481,33.20454545,1
26.36975244,388.15,8,0.101967982,8,15.11975244,18.86363636,3
19.49094631,473.15,40,0,5,19.49094631,23.78409091,2
80,403.15,8,0.810463078,0.5,78.95,33.20454545,2
60,443.15,8,0.101958625,8,60,19.43,2
25,433.15,3.333333333,0,1,20,23.86363636,1
17,468.15,10,0.076468969,1,5,18.75,2
47.17289362,388.15,8,0.203935964,8,35.92289362,18.86363636,3
11.46919692,388.15,8,0.101967982,8,0.219196923,18.86363636,3
60,433.15,8,0,2,30,19.48,1
196.875,433.15,8,0,8,180,18.86363636,2
36.95,448.15,8,0,8,18.2,18.86363636,1
75.57806373,373.65,8,0.407871928,8,66.14056373,18.86363636,3
22,433.15,9,0.152937938,0.84,18,16.59090909,3
49.90986343,453.15,10,0,0.5,46.50986343,20.909,2
45,388.15,10,1.019586252,0.5,15,19.77272727,2
49.56798867,448.15,20,0.101958625,0.5,4.567988669,16.99431818,1
40,443.15,15,0,0.177,30,12.16,1
4,448.15,6,0,5,0,15.1,1
10.219765,443.15,3,0.040523154,2.75,10,15.94375124,1
3,433.15,20,0.1,0.25,1,20.90909091,2
60,383.15,8,0.405231539,0.5,59.17636574,33.20454545,1
86.3215859,448.15,20,0.101958625,0.5,41.3215859,18.74431818,2
35.71428571,443.15,15,0,0.59,15,16.03409,1
150,443.15,4,0,10.35,90,20.47,2
53.52941176,413.15,6,0,22.5,40,20,1
100,433.15,9,0.132546213,0.5,100,14.64,2
19,468.15,10,0.076468969,1,7,18.75,2
353.5490555,373.65,8,0.407871928,8,344.1115555,18.86363636,3
60,423.15,10,0.20261577,50,25,16.81818182,2
53.10813485,413.15,10,0.137136588,0.5,51.10813485,20.909,2
19,458.15,10,0.076468969,1,7,18.75,3
0.985711771,443.15,6,0,5,0.985711771,21.59090909,1
735.4,373.55,10,1.631338003,0.5,660,19.77272727,3
195.2,373.35,10,0.713710376,0.5,120,19.77272727,2
17,468.15,10,0.076468969,1,2,18.75,2
60,398.15,14,0.810463078,0.5,59.03101852,33.20454545,2
20,443.15,20,0,1.625,19.13483796,18.6,1
25.17045388,408.15,8,0.407871928,8,11.42045388,18.86363636,3
60,403.15,8,0.810463078,0.5,58.95,33.20454545,2
63,503.15,10,0,2,0,17.4,1
66,513.15,10,0,12,0,17.4,1
80.71428571,443.15,15,0,0.59,60,16.03409,2
60,394.15,8,0.810463078,0.5,59.06977778,33.20454545,2
495.29,373.44,10,1.019586252,0.5,420,19.77272727,2
100,423.15,9,0.132546213,0.5,100,14.64,2
120,443.15,4,0,10.35,60,19.96,2
46.97512518,398.15,8,0.203935964,8,34.47512518,18.86363636,3
139.4241147,428.15,8,0,5,119.4241147,17.84090909,2
180,368.15,10,0.101307885,0.5125,175,16.3,2
4,463.15,1.53164557,0.050653942,6,3.5,17.04545455,3
8,473.15,1.53164557,0.050653942,6,7.5,17.04545455,2
96.75060281,448.15,20,0.101958625,0.5,51.75060281,17.38636364,2
20,443.15,10,1.665223473,0.84,20,19.96590909,2
195.8849339,398.15,8,0.101967982,8,183.3849339,18.86363636,3
81.09375,433.15,6,0,5,60,14.72,2
94.33920705,448.15,20,0.101958625,0.5,49.33920705,18.74431818,2
330,388.15,10,0.815669002,0.5,300,19.77272727,2
24.7806025,433.15,10,0.111074086,0.5,22.2806025,20.909,3
51.51515152,493.15,8,0,8,0,19.886,2
80,393.15,4,0,4,60,19.48,1
190,433.15,6,0,4,150,11.932,2
60,463.15,6,0,0.42,60,24.88636364,1
54.54545455,503.15,8,0,8,0,19.886,1
48.96253122,433.15,6,0,5,44.96253122,14.7,2
159.8480725,428.15,8,0,5,139.8480725,17.84090909,1
139.8913354,438.15,8,0,5,119.8913354,17.84090909,1
30.01982138,443.15,6,0,5,30.01982138,21.59090909,1
45,423.15,5,0,13.375,10,16.81818182,1
60,393.15,10,0.305875876,0.425,60,15,3
315.58,373.73,10,2.039172504,0.5,240,19.77272727,3
5.033333333,443.15,3.9,0.1631338,0.38,4.7,21.93181818,2
19.13738551,433.15,6,0,5,15.13738551,14.7,1
79.41209532,425.15,6,0,5,59.56834532,15.02,1
15.06925604,453.15,40,0,0.425,11.30136986,20.9,2
112,425.5136364,7.69,0,5,45,14.5,1
55,423.15,4,0,4,20,19.48,1
9.4375,373.65,8,0.407871928,8,0,18.86363636,3
310.787635,373.65,8,0.203935964,8,301.350135,18.86363636,3
105.6312604,448.15,20,0.101958625,0.5,60.63126036,20.10227273,1
274.6716418,425.15,6,0,5,270.6716418,15.1,2
159.8001052,438.15,8,0,5,139.8001052,17.84090909,1
80,403.15,8,0.405231539,0.5,78.98256944,33.20454545,2
0,393.15,15,0,0.59,0,16.03409,1
90.74155653,448.15,20,0.101958625,0.5,45.74155653,18.74431818,2
180,363.15,10,0.303923654,0.5125,175,16.3,3
35,443.15,4,0.555370432,20,30,19.33,2
30,443.15,8,0.407834501,8,30,19.43,2
10,463.15,20,0.75,7.9,10,18.75,2
34.8,473.15,5.666666667,0,2,19.8,19.31818182,2
16.56621287,373.65,8,0.203935964,8,7.128712871,18.86363636,3
180,363.15,10,0.101307885,0.5125,175,16.3,2
15,423.15,8,0.3,0.515,15,17.95454545,2
199.9904371,428.15,8,0,5,174.9904371,16.70454545,2
56.47278912,398.15,8,0.407871928,8,43.97278912,18.86363636,3
100.1495643,438.15,8,0,5,70.14956431,16.70454545,2
239.9772785,418.15,8,0,5,219.9772785,16.70454545,1
30,423.15,8,0.254896563,8,30,19.43,2
36.95,448.15,10,0,8,18.2,18.86363636,1
68.53891336,448.15,20,0.101958625,0.5,23.53891336,18.74431818,2
210,433.15,4.76,0,5,32.8125,21.59,1
93.89247312,433.15,6,0,5,89.89247312,15.1,2
50,403.15,8,0.405231539,0.5,48.98256944,33.20454545,2
94,440.15,6,0,5,90,15.1,2
200.7142857,443.15,15,0,0.59,180,16.03409,2
23.74514961,448.15,6,0,5,23.74514961,15.1,1
22,393.15,20,0.2,0.25,20,20.90909091,3
86,413.15,5,0.04,3,56,16.93181818,2
0,418.15,8,0,8,0,18.86363636,1
153.343349,388.15,8,0.203935964,8,142.093349,18.86363636,3
60,433.15,6,0,0.42,60,24.88636364,1
34.74758494,388.15,8,0.203935964,8,23.49758494,18.86363636,3
193.4939136,453.15,40,0,0.425,189.7260274,20.9,2
21.12875762,373.65,8,0.407871928,8,11.69125762,18.86363636,3
171.529563,433.15,7.69,0,5,21.52956298,17.84090909,1
7.387657756,513.15,40,0,0.425,2.161234991,20.9,2
60,403.15,5,0.20261577,4,60,16.375,2
100,423.15,3.7,0,2,93,15.48,1
11.25,388.15,8,0.407871928,8,0,18.86363636,3
64.25,448.15,8,0,8,45.5,18.86363636,2
276.4138817,433.15,7.69,0,5,126.4138817,17.84090909,2
30,453.15,4,0.045708819,0.42,30,25.02272727,1
20.03672231,473.15,10,0,0.5,16.23672231,20.909,2
60,398.15,8,0.810463078,0.5,59.03101852,33.20454545,2
50,443.15,4,0.2,0.509,50,18.84090909,3
20.27540468,425.15,6,0,5,0.431654676,15.02,1
75.76387677,408.15,8,0.407871928,8,62.01387677,18.86363636,2
90,443.15,4,0.030199517,0.42,90,25.02272727,1
110.446268,433.15,6,0,5,89.35251799,14.72,2
220.0130065,418.15,8,0,5,200.0130065,17.84090909,1
40.00769231,433.15,10,0.101958625,0.5,37.50769231,20.909,2
60,443.15,4,0.045708819,0.42,60,25.02272727,1
93.23741007,433.15,9,0.101958625,0.84,8,16.59,2
80.14334868,428.15,8,0,5,60.14334868,17.84090909,1
140.1272253,428.15,8,0,5,115.1272253,16.70454545,2
40,463.15,8,8.51E-06,0.509,40,21.375,1
272.1582903,373.65,8,0.407871928,8,262.7207903,18.86363636,3
140.0249344,463.15,6,0,0.42,140.0249344,24.88636364,1
15,423.15,3.7,0,2,8,15.48,1
30,453.15,4,0.045708819,0.42,30,25.02272727,2
275,403.15,10,0.407834501,0.5,240,19.77272727,2
8,433.15,20,0,1.625,7.30787037,18.6,1
132.4,403.15,5,0.405231539,4,132.4,16.375,2
44.10896715,373.65,8,0.203935964,8,34.67146715,18.86363636,3
495.58,373.73,10,2.039172504,0.5,420,19.77272727,3
92,443.15,4,0,3,38,19.9,1
65.51081109,408.15,8,0.407871928,8,51.76081109,18.86363636,2
59.72993041,448.15,6,0,5,59.72993041,15.1,2
81.35704206,408.15,8,0.101967982,8,67.60704206,18.86363636,3
56.01764096,398.15,8,0.305903946,8,43.51764096,18.86363636,3
120,443.15,4,0.099913408,10.35,60,20.47,2
64.87634892,448.15,6,0,5,41.43884892,15.02,2
100,403.15,8,0.810463078,0.5,98.95,33.20454545,2
435.29,373.44,10,1.019586252,0.5,360,19.77272727,2
179.8072877,438.15,8,0,5,149.8072877,16.70454545,2
154.1748543,433.15,6,0,5,150.1748543,14.7,2
10.40959721,373.65,8,0.203935964,8,0.97209721,18.86363636,3
15,418.15,8,0,8,0,18.86363636,1
100.7623487,388.15,8,0.305903946,8,89.51234866,18.86363636,3
14.91071429,513.15,40,0,5,14.91071429,23.78409091,1
57.93107221,398.15,8,0.203935964,8,45.43107221,18.86363636,3
615.29,373.44,10,1.019586252,0.5,540,19.77272727,2
25.8301261,398.15,8,0.203935964,8,13.3301261,18.86363636,3
95,403.15,10,0.815669002,0.5,60,19.77272727,2
92.06462585,398.15,8,0.407871928,8,79.56462585,18.86363636,3
85,393.15,5,0.1,3,55,16.93181818,1
133,443.15,5,0.02,3,103,16.93181818,2
10,513.15,40,0,5,10,23.78409091,1
20,403.15,9,0.132546213,0.5,20,14.64,1
5,413.15,20,0,1.625,4.653935185,18.6,1
90.09249821,448.15,6,0,5,90.09249821,15.1,2
6.612384272,448.15,6,0,0.595,6.612384272,15.1,1
33.52941176,413.15,6,0,22.5,20,20,1
50.55868845,408.15,8,0.407871928,8,36.80868845,18.86363636,2
19,448.15,10,0.076468969,1,7,18.75,3
4,433.15,6,0,5,0,15.1,1
33.82514571,433.15,6,0,5,29.82514571,14.7,1
30,425.15,20,0.20391725,0.42,30,15.45454545,3
20,446.15,6,0.82,0.5,20,14.64,2
30,423.15,8,0.2,0.515,30,17.95454545,2
119.9191171,463.15,6,0,0.42,119.9191171,24.88636364,1
35.3122035,398.15,8,0.101967982,8,22.8122035,18.86363636,3
157.8061224,398.15,8,0.407871928,8,145.3061224,18.86363636,2
7,413.15,20,0.1,0.25,5,20.90909091,3
0.179081176,413.15,6,0,5,0.179081176,21.59090909,1
105.7196372,408.15,8,0.407871928,8,91.96963725,18.86363636,2
59.98217469,418.15,8,0,5,39.98217469,16.70454545,1
7.597883598,448.15,6,0,5,3.597883598,15.1,1
1.533333,463.15,3.9,0.1631338,0.38,1.2,25.68181818,2
29.97692308,433.15,10,0.101958625,0.5,27.47692308,20.909,3
60,423.15,9,0.132546213,0.5,60,14.64,2
90,433.15,8,0,2,60,19.48,2
75.50565913,448.15,20,0.101958625,0.5,30.50565913,16.59090909,3
15.37427819,388.15,8,0.203935964,8,4.124278187,18.86363636,3
50,463.15,19,0,0.42,50,12.95454545,1
120,403.15,5,0.607847309,4,120,16.375,2
30,423.15,5,0,3,0,16.93181818,1
30,443.15,4,0.091201084,0.42,30,25.02272727,2
53.45444168,408.15,8,0.203935964,8,39.70444168,18.86363636,3
65,413.15,5,0.2,3,35,16.93181818,3
45.07292096,493.15,40,0,5,45.07292096,23.78409091,1
50,453.15,15,0,0.177,40,12.16,2
55,423.15,10,0.20261577,3,20,16.81818182,1
73.7588131,408.15,8,0.203935964,8,60.0088131,18.86363636,3
0,473.15,19,0,0.42,0,12.95454545,1
0,448.15,6,0,0.595,0,15.1,1
19,448.15,10,0.076468969,1,7,18.75,3
50,433.15,8,0,2,20,19.48,1
119.9281412,438.15,8,0,5,99.92814117,17.84090909,2
68.9589961,398.15,8,0.101967982,8,56.4589961,18.86363636,3
30.26306406,448.15,6,0,0.595,30.26306406,15.1,2
10,423.15,20,0.152937938,5,10,15.4,3
390,388.15,10,1.019586252,0.5,360,19.77272727,2
40,463.15,6,0,0.42,40,24.88636364,1
21.85135501,493.15,40,0,0.425,17.11111111,20.9,2
180.4269177,473.15,40,0,5,180.4269177,23.78409091,1
0,443.15,10,0,0.178,0,19.77272727,1
76.3333302,408.15,8,0.101967982,8,62.5833302,18.86363636,3
59.73138266,428.15,8,0,5,39.73138266,17.84090909,1
126.9503516,408.15,8,0.305903946,8,113.2003516,18.86363636,2
150,388.15,10,0.407834501,0.5,120,19.77272727,2
68.23054332,448.15,20,0.101958625,0.5,23.23054332,18.74431818,2
239.3358772,433.15,6,0,5,239.3358772,15.1,2
63.22687894,373.65,8,0.203935964,8,53.78937894,18.86363636,3
25,453.15,4,0.288792625,20,20,19.33,2
22.6940324,433.15,10,0.137136588,0.5,20.1940324,20.909,2
10,473.15,19,0,0.42,10,12.95454545,2
10,433.15,20,0.050979313,5,10,15.4,2
20,443.15,4,0.75,0.5,20,14.64,2
62.44422338,398.15,8,0.305903946,8,49.94422338,18.86363636,3
116.3062621,398.15,8,0.101967982,8,103.8062621,18.86363636,3
120,443.15,4,0,10.35,60,20.47,2
330,388.15,10,0.611751751,0.5,300,19.77272727,2
10,433.15,20,0.101958625,5,10,15.4,3
37.14285714,453.15,15,0,0.59,15,15,2
198.1107203,473.15,40,0,0.425,193.8566553,20.9,1
80.71428571,443.15,15,0,0.59,60,15,2
0,453.15,10,0,2,0,17.4,1
19,433.15,9,0.152937938,0.84,15,16.59090909,3
179.9002832,418.15,8,0,5,159.9002832,17.84090909,1
103.7875353,408.15,8,0.305903946,8,90.03753529,18.86363636,2
95.63114477,388.15,8,0.101967982,8,84.38114477,18.86363636,3
23.02266576,388.15,8,0.407871928,8,11.77266576,18.86363636,3
65.55800294,448.15,20,0.101958625,0.5,20.55800294,18.74431818,2
24,403.15,20,0,1.625,23.82696759,18.6,1
10.282555,463.15,3,0.101307885,2.75,10,15.94375124,2
125.9636199,388.15,8,0.203935964,8,114.7136199,18.86363636,3
101.1968839,448.15,20,0.101958625,0.5,56.19688385,16.99431818,2
30,453.15,19,0,0.42,30,12.95454545,3
119.7293533,428.15,8,0,5,99.72935327,17.84090909,1
124.6043579,398.15,8,0.101967982,8,112.1043579,18.86363636,3
155,403.15,10,0.815669002,0.5,120,19.77272727,2
20,433.15,6,0.5,0.5,20,14.64,2
54.70588235,423.15,6,0,22.5,40,20,1
59.45521738,408.15,8,0.305903946,8,45.70521738,18.86363636,2
17,448.15,10,0.076468969,1,5,18.75,2
90.04517846,433.15,6,0,5,90.04517846,21.59090909,2
23.83,448.15,10,0,8,5.08,18.86363636,1
20,413.15,9,0.132546213,0.5,20,14.64,1
105.29,373.44,10,1.019586252,0.5,30,19.77272727,1
80,433.15,9,0.132546213,0.5,80,14.64,3
201.5887151,373.65,8,0.203935964,8,192.1512151,18.86363636,3
19.47085429,408.15,8,0.305903946,8,5.720854293,18.86363636,3
60,398.15,18,0.810463078,0.5,59.03101852,33.20454545,2
120,403.15,5,0.20261577,4,120,16.375,2
98.86196769,448.15,20,0.101958625,0.5,53.86196769,18.74431818,1
215,403.15,10,0.815669002,0.5,180,19.77272727,2
135,413.15,5,0.15,3,105,16.93181818,1
51.34365137,448.15,20,0.101958625,0.5,6.343651372,16.59090909,1
10.0215478,473.15,10,0,0.5,6.2215478,20.909,3
615.2,373.35,10,0.713710376,0.5,540,19.77272727,2
10,425.15,20,0.20391725,0.42,10,15.45454545,3
60,443.15,10,0,0.178,30,19.77272727,1
74.5345039,388.15,8,0.203935964,8,63.2845039,18.86363636,3
39.99285185,408.15,8,0.407871928,8,26.24285185,18.86363636,3
5.053846154,473.15,10,0.101958625,0.5,2.553846154,20.909,1
82.72393539,448.15,20,0.101958625,0.5,37.72393539,18.74431818,2
124.2238806,425.15,6,0,5,120.2238806,15.1,2
30,453.15,15,0,0.177,20,12.16,1
495.4,373.55,10,1.631338003,0.5,420,19.77272727,3
50.34322864,453.15,40,0,0.425,46.57534247,20.9,3
60,443.15,10,1.748484647,0.178,30,19.77272727,3
10,453.15,19,0,0.42,10,12.95454545,2
168.0450502,398.15,8,0.203935964,8,155.5450502,18.86363636,2
110.7142857,443.15,15,0,0.59,90,15,2
2.533333333,443.15,3.9,0.1631338,0.38,2.2,21.93181818,2
4,483.15,1.53164557,0.050653942,6,3.5,17.04545455,2
53.75,448.15,8,0,8,35,18.86363636,1
249.0620407,388.15,8,0.203935964,8,237.8120407,18.86363636,2
555.29,373.44,10,1.019586252,0.5,480,19.77272727,2
14,458.15,10,0.076468969,1,7,18.75,3
224,403.15,20,0,1.625,223.8269676,18.6,1
335,403.15,10,1.019586252,0.5,300,19.77272727,2
22.45455312,513.15,40,0,0.425,17.22813036,20.9,1
2.033333333,463.15,5,0.0815669,0.38,1.7,22.38636364,2
0,463.15,8,0,8,0,18.86363636,1
51.26882811,408.15,8,0.101967982,8,37.51882811,18.86363636,3
135.29,373.44,10,1.019586252,0.5,60,19.77272727,2
99,423.15,5,0,3,69,16.93181818,1
75,423.15,10,0.20261577,3,40,16.81818182,1
48.9694532,373.65,8,0.203935964,8,39.5319532,18.86363636,3
19.02645503,448.15,6,0,5,15.02645503,15.1,1
210,388.15,10,1.019586252,0.5,180,19.77272727,2
17,468.15,10,0.076468969,1,7,18.75,2
180,373.15,10,0.101307885,0.5125,175,16.3,3
170.446268,433.15,6,0,5,149.352518,14.72,2
58.40153112,408.15,8,0.203935964,8,44.65153112,18.86363636,3
23.75,448.15,8,0,8,5,18.86363636,1
4,440.15,6,0,5,0,15.1,1
93.33569405,448.15,20,0.101958625,0.5,48.33569405,16.99431818,2
88.68837477,448.15,20,0.101958625,0.5,43.68837477,17.38636364,2
71.57267952,408.15,8,0.407871928,8,57.82267952,18.86363636,2
161.6666667,423.15,5,0.34065,3,120,34.9,2
60,403.15,8,0.405231539,0.5,58.95,33.20454545,2
142.5741906,448.15,6,0,5,119.1366906,15.02,2
215,403.15,10,1.019586252,0.5,180,19.77272727,2
30,383.15,10,0.305875876,0.425,30,15,2
90,413.15,4.5,0.21725,4,90,17.2386,1
60,493.15,10,0,12,0,17.4,1
127.328678,398.15,8,0.203935964,8,114.828678,18.86363636,3
10,433.15,20,0.152937938,5,10,15.4,3
17,458.15,10,0.076468969,1,7,18.75,3
30.78571429,398.15,8,0.407871928,8,18.28571429,18.86363636,3
17.80414398,398.15,8,0.203935964,8,5.304143985,18.86363636,3
45,423.15,8,0.3,0.515,45,17.95454545,2
143,423.15,5,0,3,113,16.93181818,2
87.97823092,398.15,8,0.203935964,8,75.47823092,18.86363636,3
10,463.15,20,0.75,7.9,10,18.75,2
34,440.15,6,0,5,30,15.1,1
30,443.15,4,0.091201084,0.42,30,25.02272727,1
19.81749287,433.15,10,0.111074086,0.5,17.31749287,20.909,3
76.19481377,398.15,8,0.305903946,8,63.69481377,18.86363636,3
30,433.15,9,0.132546213,0.5,30,14.64,2
19,458.15,10,0.076468969,1,7,18.75,2
156.6838046,433.15,7.69,0,5,6.683804627,17.84090909,1
10,433.15,20,0.20391725,5,10,15.4,2
13.2,458.15,3.333333333,0,1,3.2,23.86363636,1
77.18838527,448.15,20,0.101958625,0.5,32.18838527,16.99431818,3
55,423.15,10,0,0.177,45,12.16,1
26,448.15,9,0.152937938,0.84,22,16.59090909,2
255.2,373.35,10,0.713710376,0.5,180,19.77272727,2
17,458.15,10,0.076468969,1,7,18.75,3
30,423.15,3.7,0,2,23,15.48,1
34.9909256,408.15,8,0.407871928,8,21.2409256,18.86363636,3
90,433.15,4.5,0.165657201,4,90,17.2386,1
252.8346356,373.65,8,0.101967982,8,243.3971356,18.86363636,3
60,473.15,8,0,8,55,16.89772727,1
34.03340648,398.15,8,0.305903946,8,21.53340648,18.86363636,3
30,463.15,19,0,0.42,30,12.95454545,2
37,443.15,5,0,3,7,16.93181818,1
60.56796008,408.15,8,0.407871928,8,46.81796008,18.86363636,2
10,463.15,20,0.75,7.9,10,18.75,2
14.69299405,448.15,6,0,0.595,14.69299405,15.1,1
119.8188309,418.15,8,0,5,99.81883089,17.84090909,1
40,403.15,8,0.405231539,0.5,38.95,33.20454545,2
275,403.15,10,0.815669002,0.5,240,19.77272727,2
374.297986,373.65,8,0.203935964,8,364.860486,18.86363636,3
10,413.15,20,0.152937938,5,10,15.4,2
13.26190476,398.15,8,0.407871928,8,0.761904762,18.86363636,3
30.23257594,453.15,6,0,5,30.23257594,21.59090909,2
532.192261,373.65,8,0.407871928,8,522.754761,18.86363636,3
48.56866079,408.15,8,0.203935964,8,34.81866079,18.86363636,3
5,463.15,20,0.5,7.9,5,18.75,2
90,413.15,9,0.132546213,0.5,90,14.64,2
59.9737593,428.15,8,0,5,34.9737593,16.70454545,1
45,403.15,8,0,2,30,19.48,1
60,388.15,8,0.405231539,0.5,59.12791667,33.20454545,1
150,388.15,10,0.611751751,0.5,120,19.77272727,2
735.58,373.73,10,2.039172504,0.5,660,19.77272727,3
10,473.15,20,1,7.9,10,18.75,2
334.0932136,373.65,8,0.407871928,8,324.6557136,18.86363636,3
52.955166,388.15,8,0.203935964,8,41.705166,18.86363636,3
25,453.15,4,0.821948239,20,20,19.33,2
26.10544218,398.15,8,0.407871928,8,13.60544218,18.86363636,3
6.199995286,473.15,10,0.444296346,0.5,2.399995286,20.909,2
100,413.15,5,0.1,3,70,16.93181818,2
73.77891156,398.15,8,0.407871928,8,61.27891156,18.86363636,3
45,403.15,5,0,13.375,20,16.81818182,1
50,473.15,19,0,0.42,50,12.95454545,1
184,440.15,6,0,5,180,15.1,2
199.8353427,418.15,8,0,5,179.8353427,17.84090909,2
150,413.15,10,0,4,120,11.932,1
239.6613191,438.15,8,0,5,209.6613191,16.70454545,2
18.70408163,398.15,8,0.407871928,8,6.204081633,18.86363636,3
16.875,433.15,8,0,8,0,18.86363636,1
0,448.15,10,0,8,0,18.86363636,1
99.86038114,428.15,8,0,5,74.86038114,16.70454545,1
435.4,373.55,10,1.631338003,0.5,360,19.77272727,3
88,433.15,20,0,1.625,87.30787037,18.6,3
145.5428126,398.15,8,0.305903946,8,133.0428126,18.86363636,2
178.9074786,398.15,8,0.203935964,8,166.4074786,18.86363636,2
60,368.15,10,0.20261577,0.5125,55,16.3,2
67.41501416,448.15,20,0.101958625,0.5,22.41501416,16.99431818,2
55,423.15,8,0,2,30,19.48,1
36.85135501,493.15,40,0,0.425,32.11111111,20.9,1
75,413.15,5,0.2,3,45,16.93181818,2
20,443.15,8,0.25,0.5,20,14.64,2
60,398.15,8,0.810463078,0.5,59.03101852,33.20454545,2
90,388.15,10,1.223503502,0.5,60,19.77272727,2
0,513.15,40,0,5,0,23.78409091,1
219.7359865,438.15,8,0,5,189.7359865,16.70454545,2
60,423.15,8,0.254896563,8,60,19.43,2
54.41018362,398.15,8,0.101967982,8,41.91018362,18.86363636,3
12.14237474,513.15,40,0,0.425,6.915951973,20.9,1
108.2000467,388.15,8,0.101967982,8,96.95004674,18.86363636,3
315,418.15,8,0,8,300,18.86363636,1
18.75,448.15,10,0,8,0,18.86363636,1
10.25116,453.15,3,0.040523154,2.75,10,15.94375124,1
40,453.15,15,0,0.177,30,12.16,2
17,448.15,10,0.076468969,1,7,18.75,3
159.7947412,418.15,8,0,5,139.7947412,16.70454545,1
50,413.15,8,0,2,30,19.48,1
100,433.15,4,0,4,60,19.48,2
40,403.15,9,0.132546213,0.5,40,14.64,1
70,413.15,5,0.1,3,40,16.93181818,2
17,458.15,10,0.076468969,1,7,18.75,3
10,350.5751497,4,0,3,0,19.9,1
25,473.15,5,0,1,10,23.86363636,1
0,403.15,8,1.215694618,0.5,0,33.20454545,1
68.8821344,448.15,20,0.101958625,0.5,23.8821344,17.38636364,2
39.5583329,398.15,8,0.305903946,8,27.0583329,18.86363636,3
185.2012855,388.15,8,0.407871928,8,173.9512855,18.86363636,3
330,433.15,4.76,0,5,152.8125,21.59,1
76.48817328,388.15,8,0.305903946,8,65.23817328,18.86363636,3
50,403.15,9,0.132546213,0.5,50,14.64,1
82,417.8772727,7.69,0,5,15,14.5,1
60,433.15,4,0.091201084,0.42,60,25.02272727,1
159.9133216,438.15,8,0,5,129.9133216,16.70454545,2
62.7330352,448.15,20,0.101958625,0.5,17.7330352,20.10227273,1
330,388.15,10,1.019586252,0.5,300,19.77272727,2
17,458.15,10,0.076468969,1,7,18.75,3
20,433.15,6,0.5,0.5,20,14.64,1
119.9298608,448.15,6,0,5,119.9298608,15.1,2
249.5455108,373.65,8,0.203935964,8,240.1080108,18.86363636,3
232.3505302,373.65,8,0.407871928,8,222.9130302,18.86363636,3
30.40103878,408.15,8,0.305903946,8,16.65103878,18.86363636,3
66.02736057,408.15,8,0.101967982,8,52.27736057,18.86363636,3
14,448.15,10,0.076468969,1,2,18.75,2
12.03333333,443.15,5,0.0815669,0.38,11.7,22.38636364,2
59.49339207,448.15,20,0.101958625,0.5,14.49339207,18.74431818,1
120,388.15,10,0.407834501,0.5,90,19.77272727,2
315.2,373.35,10,0.713710376,0.5,240,19.77272727,2
190,433.15,8,0,4,150,11.932,3
60,398.15,8,1.620926157,0.5,59.03101852,33.20454545,2
74,413.15,5,0.02,3,44,16.93181818,1
292,430.9681818,7.69,0,5,225,14.5,2
0,413.15,6,0,4,0,11.932,1
80,433.15,4,0,4,40,19.48,1
21.7553645,408.15,8,0.203935964,8,8.005364499,18.86363636,3
30,403.15,8,0.101958625,8,30,19.43,1
30,423.15,9,0.132546213,0.5,30,14.64,1
54.07814614,388.15,8,0.407871928,8,42.82814614,18.86363636,3
45.10791367,433.15,9,0.101958625,0.84,2,16.59,3
487.6268625,373.65,8,0.101967982,8,478.1893625,18.86363636,3
180.0529486,438.15,8,0,5,160.0529486,17.84090909,1
60,493.15,10,0,2,0,17.4,1
216.6452442,433.15,7.69,0,5,66.64524422,17.84090909,1
608.9286233,373.65,8,0.101967982,8,599.4911233,18.86363636,3
17,448.15,9,0.152937938,0.84,13,16.59090909,2
63,503.15,10,0,12,0,17.4,1
70,453.15,8,0,2,30,19.48,2
124.4301075,433.15,6,0,5,120.4301075,15.1,2
160,433.15,6,0,4,120,11.932,2
111.2210884,398.15,8,0.407871928,8,98.72108844,18.86363636,2
14.84177215,433.15,10,0.111074086,0.5,12.34177215,20.909,2
30,458.15,2.136752137,0,1,20,23.86363636,1
0,463.15,6,0,0.42,0,24.88636364,1
495.2,373.35,10,0.713710376,0.5,420,19.77272727,2
65,423.15,5,0,13.375,30,16.81818182,1
246.529563,433.15,7.69,0,5,96.52956298,17.84090909,2
150,388.15,10,0.815669002,0.5,120,19.77272727,2
60,363.15,10,0.101307885,0.5125,55,16.3,1
53.95050154,388.15,8,0.305903946,8,42.70050154,18.86363636,3
5,433.15,20,0.152937938,5,5,15.4,3
300,433.15,4.76,0,5,122.8125,21.59,1
115.5978461,408.15,8,0.407871928,8,101.8478461,18.86363636,2
170.446268,433.15,6,0,5,149.352518,15.02,2
78.13879842,408.15,8,0.203935964,8,64.38879842,18.86363636,2
10.59863546,513.15,40,0,0.425,5.372212693,20.9,1
40,400.15,8,1.013078848,0.5,39.01163889,33.20454545,2
109.6279227,425.15,6,0,5,89.78417266,15.02,1
437.1602723,373.65,8,0.203935964,8,427.7227723,18.86363636,3
95,403.15,10,0.407834501,0.5,60,19.77272727,2
38.83655576,425.15,6,0,5,18.99280576,15.02,1
12.9010989,440.15,6,0,5,8.901098901,15.1,1
110,403.15,8,0.405231539,0.5,108.9825694,33.20454545,2
100,473.15,5,0,3,70,16.93181818,2
19.60018775,408.15,8,0.407871928,8,5.850187746,18.86363636,3
555.2,373.35,10,0.713710376,0.5,480,19.77272727,2
180.3333333,413.15,5,0.0815669,0.38,180,22.38636364,2
30,403.15,8,0.407834501,8,30,19.43,3
26.25,448.15,10,0,8,7.5,18.86363636,1
155,403.15,10,0.611751751,0.5,120,19.77272727,2
118,433.15,4,0.045708819,0.42,118,25.02272727,2
6.75,448.15,9,0.152937938,0.84,2.75,16.59090909,1
285,433.15,4.76,0,5,107.8125,21.59,1
8,483.15,1.53164557,0.101307885,6,7.5,17.04545455,2
30,373.15,10,0.407834501,0.425,30,15,1
1.003333333,463.15,3.9,0.1631338,0.38,0.67,21.93181818,2
4,403.15,20,0,1.625,3.826967593,18.6,1
22.0126083,388.15,8,0.203935964,8,10.7626083,18.86363636,3
4,473.15,1.53164557,0.101307885,6,3.5,17.04545455,2
10.78906301,453.15,40,0,5,10.78906301,23.78409091,1
30,425.15,20,0,0.42,30,15.45454545,1
34.90669964,433.15,6,0,5,13.81294964,15.02,1
16.09533508,473.15,10,7.108741531,0.5,12.29533508,20.909,2
10,463.15,20,0.75,7.9,10,18.75,2
40,483.15,8,8.51E-06,0.509,40,21.375,1
50.64,469.15,8,0,8,32.886875,18.63636364,3
20,433.15,6,0.5,0.5,20,14.64,2
5.033333333,443.15,3.9,0.0815669,0.38,4.7,21.93181818,2
140,433.15,4,0.142742075,5,90,17.6,3
88.71999473,388.15,8,0.101967982,8,77.46999473,18.86363636,3
90,433.15,5.666666667,0,2,75,19.31818182,2
60,398.15,8,0.810463078,0.5,59.03101852,33.20454545,2
93.52941176,413.15,6,0,22.5,80,20,1
55,413.15,5,0,13.375,25,16.81818182,1
20,443.15,10,0.333044695,0.84,20,19.96590909,1
240.0666009,428.15,8,0,5,220.0666009,17.84090909,1
40,453.15,10,0.832611736,0.84,40,19.96590909,1
181.1746737,373.65,8,0.203935964,8,171.7371737,18.86363636,3
60,393.15,8,0.405231539,0.5,59.07946759,33.20454545,1
10,403.15,8,0.405231539,0.5,8.982569444,33.20454545,1
40,403.15,8,0.810463078,0.5,38.95,33.20454545,2
5,332.9502883,4,0,3,0,19.9,1
465,418.15,8,0,8,450,18.86363636,2
34.79018633,408.15,8,0.305903946,8,21.04018633,18.86363636,3
25,473.15,2.5,0,1,10,23.86363636,1
80,443.15,10,1.748484647,0.178,50,19.77272727,2
15,453.15,20,0.75,7.9,15,18.75,2
50,433.15,9,0.132546213,0.5,50,14.64,2
10.345345,483.15,3,0.101307885,2.75,10,15.94375124,2
735.2,373.35,10,0.713710376,0.5,660,19.77272727,2
60,453.15,4,0.023442288,0.42,60,25.02272727,1
134.9862312,408.15,8,0.407871928,8,121.2362312,18.86363636,2
35.33835432,433.15,6,0,5,14.24460432,14.72,1
120,463.15,6,0,0.42,120,24.88636364,1
0,398.15,8,0.405231539,0.5,0,33.20454545,1
80.74875615,408.15,8,0.305903946,8,66.99875615,18.86363636,2
60,433.15,4,0.611751751,3,60,12.95,2
98,393.15,5,0.02,3,68,16.93181818,1
108.074757,373.65,8,0.305903946,8,98.63725703,18.86363636,3
189.6954481,388.15,8,0.203935964,8,178.4454481,18.86363636,2
675.29,373.44,10,1.019586252,0.5,600,19.77272727,2
180.0847115,453.15,40,0,5,180.0847115,23.78409091,2
60,443.15,4,0.045708819,0.42,60,25.02272727,1
291.6697232,373.65,8,0.203935964,8,282.2322232,18.86363636,3
40,473.15,8,8.51E-06,0.509,40,21.375,1
0,433.15,8,0,8,0,18.86363636,1
20,433.15,20,0.152937938,5,20,15.4,2
14,458.15,10,0.076468969,1,2,18.75,2
20,403.15,8,0.810463078,0.5,18.95,33.20454545,2
129.0199261,408.15,8,0.101967982,8,115.2699261,18.86363636,2
35,443.15,2.5,0,1,30,23.86363636,1
90,413.15,6,0,4,60,11.932,1
60,398.15,8,0.405231539,0.5,59.03101852,33.20454545,2
60,398.15,8,2.431389235,0.5,59.03101852,33.20454545,2
390,388.15,10,0.407834501,0.5,360,19.77272727,2
2.033333333,463.15,3.9,0.0815669,0.38,1.7,21.93181818,2
95.83728037,408.15,8,0.407871928,8,82.08728037,18.86363636,2
131.9217484,373.65,8,0.203935964,8,122.4842484,18.86363636,3
210,388.15,10,0.611751751,0.5,180,19.77272727,2
109.1643059,448.15,20,0.101958625,0.5,64.16430595,16.99431818,1
44.66339761,473.15,40,0,5,44.66339761,23.78409091,2
140.6706233,373.65,8,0.203935964,8,131.2331233,18.86363636,3
20.01608498,453.15,10,0,0.5,16.61608498,20.909,2
120,388.15,10,0.815669002,0.5,90,19.77272727,2
82.64871303,398.15,8,0.101967982,8,70.14871303,18.86363636,3
0.663333333,463.15,3.9,0.0815669,0.38,0.33,21.93181818,2
50,403.15,10,0.611751751,0.5,15,19.77272727,2
120,443.15,4,0,10.35,60,20.47,2
155,403.15,10,1.223503502,0.5,120,19.77272727,2
100,398.15,8,0.810463078,0.5,99.03101852,33.20454545,2
189.3506712,398.15,8,0.203935964,8,176.8506712,18.86363636,2
91.72571294,408.15,8,0.101967982,8,77.97571294,18.86363636,3
435.2,373.35,10,0.713710376,0.5,360,19.77272727,2
80,463.15,6,0,0.42,80,24.88636364,1
60,403.15,8,1.215694618,0.5,58.95,33.20454545,2
75.29,373.44,10,1.019586252,0.5,0,19.77272727,1
255.29,373.44,10,1.019586252,0.5,180,19.77272727,2
9.4375,373.65,8,0.101967982,8,0,18.86363636,3
9.889977135,433.15,10,0.111074086,0.5,7.389977135,20.909,2
50,403.15,10,0.407834501,0.5,15,19.77272727,2
115.33551,398.15,8,0.305903946,8,102.83551,18.86363636,3
60,398.15,8,0.810463078,0.5,59.03101852,33.20454545,2
34.10752688,433.15,6,0,5,30.10752688,15.1,1
84,403.15,20,0,1.625,83.82696759,18.6,1
90,473.15,8,0,8,85,16.89772727,1
30,393.15,10,0.407834501,0.425,30,15,3
60,373.15,10,0.303923654,0.5125,55,16.3,3
15,443.15,2.5,0,1,10,23.86363636,1
14,448.15,10,0.076468969,1,5,18.75,2
10.345345,483.15,3,0.040523154,2.75,10,15.94375124,1
6,423.15,20,0,1.625,5.480902778,18.6,1
63.75,448.15,10,0,8,45,18.86363636,2
74.29515419,448.15,20,0.101958625,0.5,29.29515419,18.74431818,3
19.98545246,493.15,40,0,5,19.98545246,23.78409091,1
17,468.15,10,0.076468969,1,7,18.75,3
87,413.15,5,0.02,3,57,16.93181818,1
139.8319218,418.15,8,0,5,119.8319218,16.70454545,1
60,443.15,10,0.865916206,0.178,30,19.77272727,3
50.71428571,443.15,15,0,0.59,30,16.03409,2
30,458.15,3.333333333,0,1,20,23.86363636,1
578.4880105,373.65,8,0.101967982,8,569.0505105,18.86363636,3
121.894318,408.15,8,0.305903946,8,108.144318,18.86363636,2
60,423.15,6,0,0.42,60,24.88636364,1
30.48697621,408.15,8,0.101967982,8,16.73697621,18.86363636,3
60,388.15,10,0.611751751,0.5,30,19.77272727,2
110,438.15,4,0,5,60,17.6,2
375.58,373.73,10,2.039172504,0.5,300,19.77272727,3
4,463.15,1.53164557,0.101307885,6,3.5,17.04545455,3
1.533333333,463.15,5,0.1631338,0.38,1.2,22.38636364,2
14,468.15,10,0.076468969,1,7,18.75,2
34,433.15,9,0.152937938,0.84,30,16.59090909,3
155.0667817,373.65,8,0.101967982,8,145.6292817,18.86363636,3
195.29,373.44,10,1.019586252,0.5,120,19.77272727,2
18.2472391,473.15,40,0,0.425,13.99317406,20.9,3
65,443.15,5,0,13.375,20,16.81818182,2
80,433.15,8,0,2,50,19.48,2
36.95,448.15,6,0,8,18.2,18.86363636,1
84.53588438,388.15,8,0.203935964,8,73.28588438,18.86363636,3
4.938088012,473.15,10,0,0.5,1.138088012,20.909,1
60,398.15,8,0.405231539,0.5,59.03101852,33.20454545,2
60,388.15,10,0.815669002,0.5,30,19.77272727,2
92.9764904,408.15,8,0.203935964,8,79.2264904,18.86363636,2
91.41565318,448.15,20,0.101958625,0.5,46.41565318,16.59090909,2
44.625,463.15,8,0,8,24,18.86363636,2
54.80203645,373.65,8,0.203935964,8,45.36453645,18.86363636,3
20,420.15,6,0.18,0.5,20,14.64,1
62.5,438.15,5,0,13.375,20,16.81818182,1
40,453.15,15,0,0.177,30,12.16,2
39.92039708,463.15,6,0,0.42,39.92039708,24.88636364,1
17,458.15,10,0.076468969,1,7,18.75,3
134,393.15,5,0.02,3,104,16.93181818,1
14.6837652,448.15,6,0,5,14.6837652,15.1,1
59.89433328,473.15,40,0,5,59.89433328,23.78409091,1
55,423.15,10,0,0.177,45,12.16,1
26.25,448.15,8,0,8,7.5,18.86363636,1
47.17850719,448.15,6,0,5,23.74100719,15.02,2
270,388.15,10,0.407834501,0.5,240,19.77272727,2
199.7104343,418.15,8,0,5,179.7104343,16.70454545,1
80.23044065,433.15,6,0,5,59.13669065,14.72,1
40,443.15,10,0.865916206,0.178,10,19.77272727,1
14.73585673,513.15,40,0,0.425,9.509433962,20.9,1
150,443.15,4,0.099913408,10.35,90,20.47,2
20,453.15,19,0,0.42,20,12.95454545,3
40,396.15,8,1.013078848,0.5,39.05039815,33.20454545,2
20,473.15,8,8.51E-06,0.509,20,21.375,1
375.2,373.35,10,0.713710376,0.5,300,19.77272727,2
90,403.15,5,0.405231539,4,90,16.375,2
40,473.15,15,0,0.59,15,15,2
20,403.15,8,0.405231539,0.5,18.95,33.20454545,1
59.87218019,433.15,10,0.111074086,0.5,57.37218019,20.909,2
34.96153846,433.15,10,0.101958625,0.5,32.46153846,20.909,2
80,400.15,8,1.013078848,0.5,79.01163889,33.20454545,2
100,423.15,50,0,2,95,12.386,1
49.49450549,440.15,6,0,5,45.49450549,15.1,2
60,363.15,10,0.303923654,0.5125,55,16.3,2
240,433.15,4.76,0,5,62.8125,21.59,1
100,423.15,10,0.1086,2,95,12.386,2
10.25116,453.15,3,0.20261577,2.75,10,15.94375124,3
97,422.4227273,7.69,0,5,30,14.5,1
200.2218491,438.15,8,0,5,180.2218491,17.84090909,1
46.96969697,478.15,8,0,8,0,19.886,2
50,403.15,10,1.223503502,0.5,15,19.77272727,2
55,423.15,10,0,0.177,45,12.16,1
60,433.15,8,0,2,30,19.48,1
135.2,373.35,10,0.713710376,0.5,60,19.77272727,1
140.7142857,443.15,15,0,0.59,120,16.03409,2
60,398.15,10,0.810463078,0.5,59.03101852,33.20454545,2
67.71245504,433.15,6,0,5,46.61870504,14.72,1
4.033333333,443.15,5,0.0815669,0.38,3.7,22.38636364,2
65,403.15,10,0.407834501,0.5,30,19.77272727,2
78.99433428,448.15,20,0.101958625,0.5,33.99433428,16.99431818,3
330,388.15,10,1.223503502,0.5,300,19.77272727,2
20,403.15,8,1.215694618,0.5,18.95,33.20454545,2
47.23087819,448.15,20,0.101958625,0.5,2.230878187,16.99431818,1
40,403.15,8,0.405231539,0.5,38.98256944,33.20454545,2
9.903499795,473.15,40,0,5,9.903499795,23.78409091,1
137.8877551,398.15,8,0.407871928,8,125.3877551,18.86363636,2
30,443.15,20,0,1.625,29.13483796,18.6,3
60,463.15,6,0,0.42,60,24.88636364,2
56,483.15,10,0,12,0,17.4,2
15,463.15,20,0.5,7.9,15,18.75,2
135,423.15,4,0,4,100,19.48,1
229.3104615,373.65,8,0.305903946,8,219.8729615,18.86363636,3
40,453.15,19,0,0.42,40,12.95454545,2
8,463.15,1.53164557,0.101307885,6,7.5,17.04545455,3
45,473.15,5,0,1,30,23.86363636,1
82.875,433.15,8,0,8,66,18.86363636,1
15.96221701,408.15,8,0.203935964,8,2.212217007,18.86363636,3
30,443.15,10,0.832611736,0.84,30,19.96590909,2
45,433.15,4,0.821948239,20,40,19.33,2
435.375,373.525,10,1.325462127,0.5,360,19.77272727,2
